Acoustic porosity,Bulk density (g/cc),Vp(0) (km/s),Vs(0) (km/s),C33 (GPa),C44 (GPa)
0.0149,2.52,5.57,3.33,78.19,28.03
0.0133,2.51,5.55,3.34,77.54,28.11
0.0117,2.51,5.54,3.36,76.87,28.21
0.009,2.50,5.57,3.35,77.41,27.97
0.0073,2.49,5.59,3.33,77.95,27.70
0.0065,2.50,5.60,3.32,78.22,27.53
0.0067,2.50,5.61,3.32,78.66,27.64
0.0071,2.51,5.59,3.32,78.41,27.60
0.0076,2.51,5.57,3.31,78.03,27.54
0.0087,2.51,5.52,3.29,76.72,27.25
0.0098,2.52,5.51,3.29,76.26,27.16
0.011,2.52,5.51,3.28,76.36,27.13
0.0122,2.52,5.50,3.28,76.25,27.09
0.0128,2.52,5.50,3.28,76.03,27.04
0.0134,2.52,5.49,3.28,75.92,27.03
0.0148,2.52,5.47,3.27,75.44,26.96
0.0163,2.53,5.45,3.26,75.10,26.94
0.0177,2.53,5.38,3.23,73.39,26.46
0.0182,2.52,5.27,3.17,70.18,25.36
0.0188,2.51,5.17,3.11,66.98,24.27
0.0196,2.50,5.05,3.04,63.59,23.08
0.02,2.50,4.95,2.98,61.32,22.15
0.0201,2.52,4.98,2.98,62.51,22.43
0.02,2.54,5.09,3.05,65.81,23.57
0.0199,2.54,5.24,3.13,69.63,24.92
0.0199,2.54,5.38,3.22,73.54,26.30
0.0198,2.53,5.42,3.24,74.41,26.67
0.0197,2.54,5.41,3.24,74.26,26.66
0.0196,2.55,5.42,3.25,74.85,26.93
0.0194,2.56,5.42,3.25,75.31,27.16
0.0193,2.57,5.42,3.26,75.61,27.34
0.019,2.57,5.49,3.30,77.60,28.05
0.0191,2.57,5.46,3.28,76.58,27.67
0.0195,2.56,5.30,3.19,71.92,25.99
0.0199,2.56,5.17,3.11,68.34,24.67
0.0201,2.56,5.07,3.05,65.74,23.76
0.0202,2.56,4.98,2.99,63.32,22.91
0.0204,2.56,4.94,2.97,62.47,22.60
0.0207,2.56,4.98,2.99,63.43,22.90
0.0211,2.55,5.07,3.04,65.64,23.64
0.0214,2.55,5.16,3.09,67.80,24.38
0.0217,2.55,5.25,3.14,70.04,25.16
0.0223,2.55,5.30,3.18,71.43,25.73
0.0227,2.56,5.34,3.22,73.06,26.50
0.0229,2.58,5.33,3.22,73.42,26.87
0.023,2.61,5.28,3.20,72.63,26.76
0.0229,2.62,5.26,3.20,72.41,26.73
0.0228,2.62,5.24,3.19,71.99,26.63
0.0223,2.62,5.26,3.20,72.51,26.78
0.0215,2.63,5.28,3.21,73.33,27.05
0.021,2.62,5.31,3.22,74.08,27.27
0.0209,2.61,5.34,3.24,74.44,27.33
0.0209,2.60,5.33,3.22,73.71,26.98
0.021,2.59,5.32,3.21,73.23,26.72
0.0213,2.59,5.31,3.21,72.92,26.65
0.0215,2.59,5.29,3.20,72.34,26.47
0.0216,2.59,5.28,3.19,72.00,26.33
0.0217,2.58,5.29,3.20,72.27,26.37
0.0217,2.57,5.31,3.20,72.53,26.40
0.0219,2.57,5.32,3.20,72.59,26.38
0.0222,2.57,5.33,3.22,73.04,26.54
0.0225,2.57,5.36,3.23,73.82,26.88
0.0228,2.58,5.36,3.24,74.08,27.03
0.023,2.58,5.29,3.20,72.43,26.47
0.0232,2.59,5.23,3.17,70.77,25.91
0.0235,2.59,5.21,3.16,70.39,25.81
0.0236,2.60,5.19,3.15,70.23,25.82
0.0238,2.62,5.18,3.14,70.10,25.82
0.0239,2.62,5.19,3.15,70.69,26.06
0.0241,2.62,5.21,3.17,71.15,26.26
0.0243,2.62,5.18,3.15,70.40,26.03
0.0244,2.63,5.16,3.14,70.14,26.02
0.0246,2.64,5.15,3.14,70.18,26.13
0.0246,2.65,5.15,3.15,70.25,26.17
0.0246,2.64,5.16,3.15,70.36,26.15
0.0246,2.63,5.17,3.15,70.43,26.12
0.0246,2.63,5.16,3.14,70.21,26.02
0.0246,2.64,5.15,3.14,70.15,26.05
0.0248,2.65,5.17,3.15,70.78,26.35
0.0249,2.65,5.20,3.17,71.62,26.61
0.0251,2.64,5.23,3.19,72.29,26.82
0.0254,2.63,5.24,3.19,72.37,26.85
0.0258,2.63,5.24,3.19,72.27,26.83
0.0261,2.63,5.22,3.18,71.63,26.58
0.0265,2.63,5.19,3.16,70.79,26.24
0.0268,2.62,5.18,3.15,70.25,26.02
0.027,2.62,5.17,3.14,69.82,25.84
0.0278,2.62,5.14,3.13,69.09,25.62
0.0287,2.61,5.11,3.11,68.20,25.34
0.0299,2.61,5.09,3.10,67.64,25.14
0.0306,2.61,5.08,3.10,67.13,24.98
0.0312,2.61,5.06,3.09,66.80,24.88
0.0325,2.62,5.04,3.08,66.62,24.90
0.0334,2.63,5.02,3.07,66.24,24.78
0.0338,2.63,4.99,3.05,65.57,24.52
0.0342,2.64,4.96,3.03,64.98,24.30
0.0343,2.64,4.94,3.02,64.53,24.16
0.0344,2.64,4.92,3.01,64.01,23.99
0.0345,2.64,4.89,2.99,63.19,23.62
0.0345,2.64,4.87,2.98,62.70,23.44
0.0347,2.65,4.88,2.99,63.04,23.68
0.0348,2.65,4.90,3.01,63.51,23.94
0.0347,2.64,4.92,3.02,64.07,24.12
0.0346,2.64,4.95,3.03,64.68,24.32
0.0341,2.65,4.99,3.06,65.85,24.81
0.0335,2.65,5.00,3.07,66.45,25.08
0.0326,2.66,4.99,3.07,66.24,24.96
0.0321,2.65,5.02,3.08,66.73,25.05
0.0316,2.64,5.05,3.09,67.20,25.14
0.0309,2.63,5.04,3.08,67.06,25.03
0.0304,2.64,5.01,3.06,66.08,24.68
0.0301,2.64,4.99,3.05,65.61,24.51
0.0299,2.64,4.94,3.02,64.59,24.12
0.0299,2.65,4.90,3.00,63.59,23.80
0.0298,2.66,4.85,2.97,62.62,23.48
0.0296,2.66,4.88,2.99,63.43,23.81
0.0291,2.66,4.92,3.01,64.40,24.17
0.0286,2.66,4.98,3.05,65.93,24.70
0.0285,2.64,5.03,3.07,66.83,24.92
0.0284,2.63,5.08,3.09,67.76,25.16
0.0285,2.63,5.10,3.11,68.23,25.34
0.0289,2.63,5.13,3.13,69.39,25.83
0.0296,2.64,5.15,3.15,70.02,26.15
0.0305,2.65,5.11,3.13,69.19,25.95
0.031,2.65,5.08,3.11,68.33,25.66
0.0314,2.65,5.04,3.09,67.42,25.36
0.0324,2.65,4.97,3.05,65.54,24.67
0.0333,2.66,4.87,2.99,63.12,23.76
0.0344,2.67,4.81,2.95,61.72,23.23
0.035,2.67,4.75,2.91,60.25,22.70
0.0356,2.67,4.69,2.88,58.74,22.16
0.0368,2.67,4.68,2.87,58.44,22.04
0.0381,2.67,4.70,2.89,59.13,22.33
0.0395,2.68,4.73,2.91,59.82,22.64
0.0407,2.68,4.74,2.92,60.32,22.83
0.0411,2.69,4.76,2.93,60.82,23.02
0.0416,2.68,4.78,2.94,61.24,23.19
0.0423,2.68,4.77,2.94,61.08,23.09
0.0428,2.68,4.73,2.91,59.77,22.60
0.0434,2.67,4.66,2.86,57.95,21.90
0.0442,2.67,4.63,2.85,57.20,21.61
0.0447,2.67,4.63,2.85,57.13,21.59
0.0452,2.67,4.63,2.84,57.09,21.59
0.046,2.67,4.66,2.87,57.93,21.92
0.0464,2.67,4.74,2.92,60.05,22.69
0.0467,2.66,4.78,2.93,60.78,22.93
0.0468,2.66,4.78,2.93,60.73,22.91
0.047,2.66,4.78,2.93,60.72,22.90
0.0472,2.66,4.76,2.92,60.38,22.74
0.0476,2.67,4.70,2.88,58.97,22.19
0.0486,2.67,4.67,2.87,58.18,21.92
0.05,2.66,4.67,2.87,58.07,21.92
0.0506,2.65,4.67,2.87,57.89,21.82
0.0512,2.65,4.67,2.87,57.73,21.74
0.0523,2.65,4.66,2.86,57.43,21.65
0.0531,2.65,4.64,2.85,57.00,21.48
0.0536,2.65,4.61,2.83,56.41,21.21
0.0539,2.65,4.61,2.82,56.22,21.09
0.0541,2.63,4.61,2.82,55.89,20.91
0.0546,2.62,4.64,2.83,56.41,21.02
0.0554,2.63,4.66,2.85,57.11,21.26
0.0563,2.64,4.69,2.87,58.14,21.70
0.0573,2.65,4.72,2.88,58.96,22.05
0.0578,2.66,4.72,2.88,59.15,22.14
0.0582,2.66,4.72,2.89,59.21,22.18
0.0587,2.66,4.66,2.85,57.70,21.60
0.0587,2.65,4.56,2.79,55.04,20.59
0.0585,2.64,4.50,2.75,53.48,20.00
0.0585,2.63,4.49,2.75,53.09,19.84
0.0585,2.63,4.48,2.74,52.87,19.75
0.0587,2.64,4.50,2.75,53.39,19.95
0.0589,2.65,4.57,2.79,55.21,20.65
0.0591,2.65,4.64,2.84,57.00,21.34
0.0593,2.65,4.67,2.86,57.78,21.63
0.0594,2.64,4.69,2.87,58.04,21.70
0.0596,2.64,4.70,2.87,58.35,21.78
0.0603,2.64,4.65,2.84,57.00,21.23
0.061,2.65,4.57,2.79,55.20,20.55
0.0616,2.65,4.49,2.74,53.38,19.90
0.0618,2.66,4.46,2.72,52.77,19.70
0.062,2.66,4.43,2.71,52.17,19.50
0.0625,2.67,4.42,2.70,52.12,19.48
0.063,2.66,4.41,2.70,51.90,19.36
0.0633,2.66,4.43,2.70,52.21,19.40
0.0633,2.66,4.45,2.71,52.50,19.47
0.0631,2.66,4.47,2.72,53.07,19.71
0.063,2.67,4.49,2.74,53.71,19.98
0.0629,2.67,4.50,2.75,54.20,20.23
0.0632,2.67,4.52,2.76,54.61,20.41
0.0636,2.67,4.52,2.76,54.58,20.37
0.0636,2.67,4.46,2.73,53.18,19.85
0.0634,2.68,4.43,2.71,52.61,19.66
0.0632,2.68,4.41,2.70,52.10,19.49
0.0628,2.68,4.43,2.71,52.59,19.70
0.0629,2.68,4.45,2.72,52.98,19.82
0.0638,2.67,4.49,2.74,53.79,20.02
0.0643,2.66,4.47,2.73,53.24,19.80
0.0648,2.67,4.45,2.71,52.87,19.64
0.0656,2.68,4.44,2.71,52.76,19.64
0.0664,2.68,4.44,2.71,52.89,19.73
0.0678,2.67,4.43,2.70,52.44,19.51
0.0694,2.66,4.43,2.69,52.11,19.26
0.0702,2.63,4.42,2.68,51.51,18.96
0.0711,2.63,4.41,2.67,51.12,18.74
0.0728,2.63,4.38,2.65,50.34,18.42
0.0741,2.63,4.38,2.65,50.59,18.50
0.0749,2.64,4.41,2.66,51.45,18.76
0.0751,2.64,4.41,2.66,51.29,18.67
0.0754,2.64,4.40,2.65,50.98,18.53
0.0756,2.62,4.40,2.65,50.72,18.39
0.0758,2.62,4.38,2.64,50.24,18.18
0.076,2.61,4.33,2.61,49.09,17.74
0.0764,2.62,4.29,2.58,48.16,17.44
0.0765,2.63,4.31,2.60,48.81,17.72
0.0767,2.64,4.33,2.61,49.53,18.02
0.0767,2.65,4.37,2.64,50.59,18.51
0.0762,2.66,4.40,2.67,51.54,18.89
0.0751,2.66,4.45,2.69,52.65,19.25
0.0743,2.65,4.42,2.67,51.73,18.90
0.0735,2.65,4.38,2.65,50.87,18.57
0.0719,2.65,4.32,2.61,49.55,18.08
0.0706,2.66,4.28,2.59,48.69,17.82
0.07,2.66,4.27,2.59,48.46,17.80
0.0698,2.67,4.27,2.60,48.81,17.99
0.0697,2.68,4.28,2.60,49.13,18.14
0.0697,2.69,4.29,2.61,49.45,18.30
0.0695,2.70,4.32,2.63,50.24,18.67
0.0689,2.70,4.32,2.63,50.51,18.76
0.0685,2.70,4.32,2.63,50.35,18.66
0.0683,2.70,4.33,2.64,50.70,18.78
0.0683,2.71,4.34,2.64,50.92,18.84
0.0683,2.71,4.34,2.64,51.14,18.90
0.0684,2.71,4.32,2.62,50.71,18.69
0.0688,2.71,4.32,2.62,50.53,18.59
0.0695,2.70,4.32,2.62,50.52,18.62
0.07,2.69,4.32,2.62,50.19,18.46
0.0705,2.67,4.31,2.61,49.74,18.27
0.0713,2.66,4.36,2.64,50.41,18.48
0.0717,2.64,4.42,2.67,51.49,18.85
0.0721,2.64,4.43,2.68,51.85,18.99
0.0726,2.64,4.44,2.69,52.15,19.11
0.0727,2.65,4.42,2.68,51.83,19.00
0.0728,2.65,4.40,2.67,51.47,18.87
0.0727,2.66,4.38,2.65,50.97,18.63
0.0722,2.67,4.37,2.64,50.99,18.66
0.072,2.68,4.33,2.63,50.31,18.51
0.0718,2.69,4.28,2.60,49.34,18.19
0.0716,2.69,4.24,2.57,48.31,17.85
0.0702,2.70,4.24,2.58,48.54,17.92
0.0671,2.70,4.28,2.60,49.39,18.28
0.063,2.71,4.33,2.64,50.80,18.92
0.0577,2.71,4.39,2.69,52.19,19.54
0.0549,2.70,4.39,2.69,52.15,19.54
0.0521,2.70,4.39,2.69,52.13,19.54
0.0467,2.70,4.38,2.68,51.83,19.45
0.0416,2.69,4.45,2.74,53.35,20.22
0.0368,2.66,4.66,2.89,57.86,22.15
0.0348,2.62,4.94,3.04,64.02,24.22
0.0328,2.59,5.25,3.21,71.40,26.73
0.0298,2.57,5.52,3.38,78.33,29.43
0.0271,2.55,5.68,3.49,82.44,31.06
0.0241,2.54,5.67,3.47,81.64,30.60
0.0207,2.53,5.60,3.41,79.38,29.41
0.0194,2.52,5.53,3.35,77.06,28.33
0.0181,2.52,5.45,3.29,74.92,27.32
0.017,2.52,5.27,3.16,70.14,25.11
0.0169,2.53,5.06,3.00,64.67,22.84
0.0175,2.54,4.96,2.95,62.61,22.17
0.018,2.54,5.01,2.98,63.76,22.57
0.0185,2.53,5.05,3.01,64.66,22.87
0.0196,2.52,5.16,3.09,67.25,24.06
0.0207,2.51,5.32,3.20,71.20,25.79
0.0216,2.52,5.32,3.21,71.28,25.97
0.0216,2.52,5.21,3.15,68.34,24.94
0.0211,2.52,5.22,3.15,68.83,25.09
0.0207,2.53,5.24,3.16,69.29,25.24
0.0193,2.52,5.24,3.15,69.23,25.11
0.0182,2.52,5.22,3.14,68.69,24.82
0.0173,2.51,5.26,3.15,69.47,24.97
0.0168,2.51,5.28,3.16,70.15,25.05
0.0166,2.53,5.30,3.16,70.87,25.26
0.0164,2.55,5.31,3.17,71.85,25.56
0.0162,2.57,5.41,3.23,75.09,26.84
0.0161,2.58,5.49,3.28,77.57,27.80
0.0162,2.59,5.51,3.30,78.43,28.19
0.0162,2.59,5.52,3.31,79.12,28.49
0.0162,2.60,5.54,3.33,79.71,28.75
0.016,2.60,5.49,3.30,78.22,28.24
0.0157,2.60,5.40,3.24,75.80,27.39
0.0155,2.61,5.33,3.20,73.97,26.76
0.0153,2.62,5.28,3.18,72.90,26.38
0.0151,2.63,5.26,3.16,72.50,26.29
0.015,2.63,5.23,3.15,72.01,26.18
0.0147,2.63,5.23,3.15,72.05,26.17
0.0145,2.63,5.25,3.16,72.42,26.29
0.0144,2.63,5.24,3.16,72.34,26.24
0.0145,2.63,5.26,3.17,72.99,26.53
0.0146,2.64,5.28,3.19,73.70,26.83
0.0149,2.64,5.35,3.23,75.59,27.60
0.0152,2.65,5.40,3.27,77.08,28.21
0.0154,2.65,5.45,3.30,78.68,28.85
0.0154,2.65,5.48,3.32,79.59,29.18
0.0152,2.65,5.43,3.29,78.35,28.75
0.015,2.65,5.39,3.27,77.06,28.30
0.0143,2.65,5.34,3.23,75.58,27.61
0.0135,2.64,5.31,3.20,74.45,27.02
0.0129,2.63,5.31,3.19,74.23,26.81
0.0127,2.63,5.37,3.22,75.66,27.27
0.0124,2.63,5.42,3.25,77.25,27.76
0.0123,2.63,5.47,3.28,78.66,28.29
0.0123,2.62,5.51,3.31,79.73,28.73
0.0123,2.61,5.55,3.33,80.39,28.94
0.0119,2.60,5.55,3.32,79.87,28.57
0.0117,2.58,5.53,3.30,79.01,28.09
0.0114,2.57,5.52,3.28,78.34,27.67
0.0109,2.57,5.44,3.23,76.15,26.81
0.0107,2.57,5.39,3.19,74.63,26.19
0.0112,2.57,5.35,3.17,73.67,25.89
0.0123,2.58,5.30,3.16,72.49,25.69
0.0133,2.60,5.32,3.18,73.36,26.31
0.0142,2.62,5.33,3.21,74.39,26.97
0.0163,2.64,5.31,3.22,74.41,27.33
0.0183,2.65,5.27,3.21,73.66,27.28
0.02,2.66,5.25,3.20,73.29,27.20
0.0206,2.65,5.22,3.18,72.16,26.79
0.0212,2.64,5.18,3.16,71.02,26.37
0.022,2.64,5.13,3.12,69.51,25.72
0.0226,2.64,5.08,3.09,68.23,25.17
0.0237,2.64,5.01,3.04,66.20,24.43
0.0249,2.63,4.93,3.00,64.08,23.70
0.0255,2.63,4.94,3.01,64.08,23.76
0.0261,2.64,4.94,3.01,64.37,23.92
0.027,2.66,4.98,3.05,65.87,24.69
0.0273,2.67,5.01,3.08,67.17,25.35
0.0269,2.67,5.05,3.10,68.08,25.69
0.0265,2.66,5.04,3.09,67.68,25.40
0.0261,2.64,5.04,3.08,67.20,25.08
0.0252,2.63,5.02,3.06,66.30,24.60
0.0244,2.63,5.02,3.05,66.14,24.46
0.0242,2.63,5.04,3.07,66.83,24.76
0.0245,2.64,5.04,3.08,67.25,25.05
0.0249,2.65,5.02,3.07,66.71,24.91
0.0252,2.65,4.99,3.05,66.11,24.73
0.0259,2.66,5.03,3.08,67.32,25.24
0.0261,2.65,5.07,3.10,68.16,25.53
0.026,2.64,5.04,3.08,67.19,25.06
0.0259,2.63,4.99,3.05,65.56,24.39
0.0257,2.63,4.94,3.01,64.15,23.82
0.0254,2.63,4.85,2.95,61.75,22.92
0.0252,2.64,4.79,2.92,60.57,22.50
0.0253,2.65,4.83,2.95,61.67,22.97
0.0257,2.66,4.92,3.01,64.23,24.00
0.026,2.67,4.96,3.04,65.61,24.62
0.0263,2.68,5.00,3.07,67.08,25.28
0.0269,2.70,4.92,3.02,65.22,24.66
0.0274,2.70,4.85,2.98,63.46,24.01
0.0279,2.70,4.82,2.97,62.89,23.78
0.0281,2.70,4.84,2.97,63.18,23.82
0.0283,2.69,4.86,2.98,63.37,23.82
0.029,2.68,4.91,3.01,64.55,24.23
0.0303,2.68,4.86,2.98,63.51,23.84
0.0321,2.69,4.73,2.91,60.25,22.70
0.0338,2.69,4.67,2.87,58.71,22.18
0.0337,2.69,4.66,2.87,58.45,22.09
0.0336,2.69,4.66,2.86,58.24,22.02
0.0323,2.69,4.66,2.86,58.36,22.04
0.0306,2.68,4.65,2.86,58.14,21.88
0.0286,2.67,4.56,2.79,55.65,20.76
0.0264,2.65,4.44,2.70,52.28,19.33
0.0252,2.62,4.44,2.69,51.62,18.87
0.024,2.59,4.44,2.67,50.98,18.43
0.0214,2.63,4.62,2.81,56.07,20.72
0.0186,2.63,4.86,2.95,62.04,22.83
0.0158,2.63,5.09,3.08,68.18,24.88
0.0143,2.61,5.21,3.15,70.97,25.85
0.0128,2.60,5.34,3.22,73.96,26.88
0.0094,2.55,5.31,3.18,71.82,25.81
0.0057,2.55,5.28,3.13,71.13,24.98
0.0021,2.55,5.24,3.06,69.99,23.92
0.0005,2.56,5.17,3.00,68.58,23.13
0.0004,2.56,5.14,2.98,67.75,22.82
0.0003,2.61,5.11,2.96,68.21,22.94
0.0007,2.63,5.05,2.93,67.01,22.62
0.0012,2.65,5.08,2.96,68.28,23.16
0.002,2.66,5.09,3.00,68.91,24.01
0.0024,2.68,4.90,2.88,64.42,22.21
0.0028,2.68,4.73,2.77,60.01,20.49
0.0036,2.68,4.65,2.72,57.97,19.87
0.0044,2.66,4.65,2.74,57.62,19.96
0.0053,2.65,4.73,2.79,59.28,20.64
0.0063,2.63,5.09,3.01,68.07,23.88
0.0069,2.63,5.09,3.02,68.07,24.01
0.0075,2.63,5.09,3.03,68.07,24.14
0.0087,2.63,5.31,3.17,74.20,26.41
0.0099,2.63,5.20,3.11,70.99,25.42
0.011,2.63,5.01,3.01,66.08,23.76
0.0116,2.63,4.92,2.95,63.57,22.91
0.0122,2.63,4.82,2.90,61.21,22.10
0.0136,2.61,4.83,2.90,60.86,22.01
0.0151,2.60,4.93,2.96,63.12,22.77
0.0169,2.58,5.09,3.06,66.96,24.15
0.0187,2.57,5.20,3.13,69.38,25.10
0.0196,2.56,5.24,3.15,70.26,25.43
0.0206,2.56,5.28,3.18,71.27,25.82
0.0224,2.56,5.30,3.20,71.86,26.16
0.024,2.57,5.28,3.19,71.40,26.05
0.0253,2.57,5.22,3.15,69.97,25.52
0.0262,2.57,5.17,3.12,68.56,24.98
0.0265,2.57,5.10,3.09,67.01,24.50
0.0269,2.58,5.04,3.05,65.66,24.09
0.0275,2.60,5.02,3.04,65.33,24.06
0.0281,2.61,5.03,3.06,65.90,24.38
0.0286,2.62,5.02,3.06,65.83,24.45
0.0287,2.62,4.99,3.04,65.27,24.24
0.0289,2.61,4.97,3.03,64.63,24.00
0.0288,2.61,4.93,3.01,63.46,23.62
0.0282,2.62,4.90,2.99,62.81,23.43
0.0273,2.62,4.94,3.01,63.90,23.84
0.0263,2.63,5.00,3.05,65.82,24.51
0.0258,2.63,5.06,3.09,67.41,25.10
0.0254,2.64,5.12,3.12,69.03,25.71
0.0248,2.64,5.13,3.13,69.46,25.81
0.0246,2.65,5.09,3.10,68.42,25.44
0.0249,2.66,5.03,3.07,67.05,25.04
0.0252,2.67,5.03,3.08,67.55,25.34
0.0254,2.68,5.04,3.09,68.02,25.62
0.026,2.69,5.08,3.13,69.44,26.24
0.0265,2.69,5.11,3.14,70.18,26.55
0.0268,2.67,5.11,3.14,69.86,26.34
0.027,2.66,5.09,3.12,68.88,25.81
0.0271,2.64,5.03,3.08,66.82,25.02
0.0272,2.65,4.96,3.04,65.22,24.40
0.0279,2.66,4.92,3.02,64.44,24.19
0.0291,2.67,4.94,3.03,65.27,24.59
0.0305,2.68,4.98,3.06,66.30,25.07
0.0311,2.68,4.95,3.05,65.69,24.88
0.0318,2.68,4.93,3.03,65.13,24.70
0.0326,2.69,4.91,3.03,64.91,24.68
0.033,2.69,4.87,3.00,63.80,24.24
0.0332,2.69,4.79,2.95,61.55,23.29
0.0335,2.68,4.76,2.92,60.57,22.82
0.0337,2.67,4.76,2.92,60.46,22.76
0.0339,2.67,4.76,2.92,60.49,22.75
0.0344,2.68,4.78,2.94,61.20,23.08
0.0351,2.69,4.84,2.98,62.87,23.83
0.036,2.69,4.87,3.01,63.88,24.32
0.0366,2.69,4.86,3.00,63.61,24.19
0.0372,2.68,4.85,2.99,63.11,23.97
0.0388,2.67,4.83,2.97,62.15,23.57
0.0402,2.67,4.79,2.95,61.14,23.19
0.041,2.68,4.75,2.93,60.49,22.99
0.0415,2.69,4.73,2.92,60.29,22.96
0.0417,2.70,4.70,2.90,59.54,22.63
0.042,2.69,4.66,2.87,58.56,22.22
0.0425,2.69,4.61,2.83,57.11,21.51
0.0428,2.68,4.60,2.81,56.76,21.17
0.0429,2.69,4.58,2.80,56.56,21.08
0.0433,2.70,4.52,2.78,55.18,20.82
0.0437,2.71,4.51,2.78,55.07,20.86
0.0441,2.71,4.50,2.78,54.86,20.86
0.0452,2.70,4.53,2.79,55.37,21.09
0.0461,2.70,4.51,2.79,54.92,20.95
0.0461,2.70,4.56,2.82,56.15,21.43
0.0454,2.70,4.62,2.86,57.79,22.10
0.0448,2.72,4.68,2.90,59.58,22.83
0.0427,2.72,4.61,2.85,57.75,22.06
0.0405,2.72,4.56,2.81,56.56,21.50
0.0382,2.71,4.55,2.80,55.95,21.16
0.0357,2.70,4.49,2.76,54.45,20.56
0.0344,2.69,4.52,2.78,55.02,20.75
0.0331,2.69,4.55,2.79,55.68,20.98
0.0308,2.69,4.69,2.89,59.15,22.39
0.0286,2.67,4.83,2.97,62.22,23.58
0.0262,2.64,4.99,3.07,65.75,24.85
0.0248,2.60,5.20,3.17,70.25,26.19
0.0235,2.58,5.41,3.28,75.62,27.81
0.0202,2.57,5.54,3.35,78.70,28.77
0.0169,2.56,5.62,3.39,80.94,29.38
0.0138,2.56,5.63,3.37,81.08,29.02
0.0114,2.57,5.55,3.29,78.89,27.80
0.0105,2.57,5.50,3.25,77.58,27.16
0.0096,2.56,5.45,3.21,75.98,26.43
0.0085,2.54,5.43,3.20,75.11,26.07
0.0076,2.53,5.44,3.21,74.81,26.03
0.0072,2.52,5.50,3.25,76.16,26.54
0.0071,2.52,5.49,3.24,76.04,26.48
0.007,2.53,5.49,3.24,76.14,26.49
0.007,2.53,5.48,3.23,76.19,26.47
0.0069,2.54,5.52,3.25,77.41,26.84
0.0068,2.54,5.52,3.25,77.55,26.90
0.0069,2.55,5.54,3.27,77.98,27.17
0.007,2.55,5.59,3.30,79.53,27.77
0.0071,2.55,5.64,3.34,81.00,28.35
0.0074,2.54,5.62,3.33,80.39,28.15
0.0078,2.54,5.61,3.32,79.84,27.93
0.0084,2.53,5.59,3.31,79.13,27.71
0.009,2.52,5.54,3.28,77.40,27.16
0.0095,2.52,5.44,3.22,74.47,26.18
0.01,2.52,5.34,3.17,71.84,25.31
0.0116,2.52,5.24,3.12,69.37,24.58
0.0139,2.53,5.19,3.10,68.15,24.34
0.0166,2.53,5.16,3.10,67.39,24.27
0.0179,2.54,5.20,3.12,68.60,24.77
0.0193,2.55,5.24,3.15,70.05,25.35
0.0213,2.57,5.33,3.22,73.03,26.62
0.0227,2.60,5.32,3.22,73.53,27.00
0.0242,2.63,5.19,3.15,70.78,26.16
0.0258,2.66,5.02,3.05,66.90,24.81
0.0266,2.68,4.87,2.98,63.68,23.82
0.0274,2.70,4.74,2.91,60.52,22.84
0.0287,2.71,4.71,2.89,59.93,22.57
0.0297,2.71,4.80,2.95,62.35,23.57
0.0304,2.70,4.96,3.05,66.39,25.15
0.0307,2.68,5.03,3.09,67.78,25.54
0.031,2.65,5.10,3.13,69.04,25.89
0.0317,2.63,5.08,3.11,67.91,25.37
0.0323,2.62,5.05,3.09,66.89,24.97
0.0325,2.62,5.06,3.10,67.11,25.12
0.0324,2.63,5.12,3.14,68.71,25.80
0.0325,2.63,5.18,3.17,70.36,26.42
0.0326,2.63,5.24,3.21,72.08,27.06
0.0332,2.63,5.17,3.17,70.42,26.45
0.0336,2.64,5.02,3.07,66.42,24.87
0.0339,2.65,4.86,2.97,62.46,23.31
0.034,2.66,4.78,2.93,60.81,22.76
0.034,2.67,4.71,2.89,59.22,22.23
0.0343,2.67,4.74,2.91,59.91,22.54
0.0348,2.66,4.81,2.95,61.57,23.20
0.0355,2.65,4.86,2.98,62.71,23.60
0.0361,2.64,4.86,2.98,62.37,23.41
0.036,2.63,4.79,2.93,60.38,22.66
0.036,2.64,4.72,2.89,58.74,22.05
0.0355,2.65,4.66,2.86,57.45,21.64
0.0348,2.66,4.61,2.84,56.75,21.46
0.0344,2.67,4.61,2.84,56.76,21.50
0.0342,2.68,4.70,2.89,59.13,22.40
0.0341,2.68,4.79,2.95,61.54,23.32
0.0339,2.68,4.84,2.97,62.64,23.66
0.0338,2.68,4.80,2.95,61.79,23.33
0.0339,2.68,4.79,2.95,61.51,23.26
0.0343,2.67,4.77,2.93,60.79,22.99
0.0345,2.68,4.67,2.88,58.43,22.13
0.0348,2.68,4.58,2.82,56.26,21.33
0.0352,2.68,4.59,2.83,56.53,21.47
0.0353,2.69,4.57,2.82,56.16,21.36
0.0353,2.69,4.53,2.79,55.15,20.97
0.0356,2.69,4.53,2.79,55.22,20.96
0.0358,2.69,4.57,2.82,56.16,21.28
0.036,2.68,4.62,2.84,57.13,21.62
0.0363,2.68,4.68,2.88,58.61,22.18
0.0366,2.69,4.74,2.92,60.44,22.94
0.0368,2.69,4.77,2.95,61.43,23.38
0.0369,2.69,4.74,2.92,60.48,23.03
0.037,2.69,4.70,2.90,59.42,22.63
0.0374,2.68,4.64,2.86,57.79,21.98
0.0377,2.69,4.57,2.82,56.09,21.33
0.0377,2.70,4.54,2.80,55.49,21.06
0.0376,2.70,4.54,2.80,55.77,21.13
0.0377,2.71,4.55,2.80,56.29,21.35
0.0378,2.72,4.57,2.81,56.81,21.56
0.0382,2.73,4.61,2.84,58.12,22.01
0.0387,2.73,4.66,2.86,59.37,22.38
0.0393,2.72,4.69,2.87,59.84,22.50
0.0394,2.72,4.70,2.88,60.22,22.64
0.0395,2.72,4.72,2.89,60.65,22.81
0.0394,2.72,4.72,2.90,60.55,22.81
0.0392,2.71,4.72,2.90,60.38,22.82
0.039,2.69,4.74,2.92,60.42,22.91
0.0389,2.68,4.71,2.89,59.36,22.45
0.039,2.67,4.69,2.88,58.76,22.22
0.039,2.68,4.67,2.87,58.39,22.08
0.0393,2.69,4.69,2.89,59.26,22.47
0.0397,2.71,4.70,2.90,59.91,22.70
0.0399,2.72,4.76,2.93,61.53,23.27
0.04,2.73,4.78,2.94,62.26,23.52
0.04,2.73,4.80,2.95,62.82,23.70
0.0397,2.72,4.75,2.91,61.15,23.07
0.039,2.70,4.72,2.90,60.23,22.71
0.0382,2.68,4.70,2.89,59.26,22.36
0.0376,2.67,4.66,2.86,58.07,21.90
0.0375,2.68,4.69,2.88,58.86,22.22
0.0374,2.68,4.72,2.90,59.79,22.59
0.0376,2.69,4.77,2.93,61.07,23.13
0.0379,2.68,4.80,2.95,61.88,23.44
0.0381,2.68,4.83,2.97,62.44,23.67
0.038,2.68,4.82,2.96,62.17,23.53
0.0378,2.68,4.81,2.96,62.01,23.43
0.0371,2.68,4.77,2.93,61.09,23.04
0.0362,2.69,4.72,2.90,59.92,22.54
0.0356,2.68,4.66,2.86,58.19,21.88
0.035,2.68,4.63,2.84,57.41,21.63
0.0349,2.68,4.66,2.86,58.09,21.90
0.0347,2.68,4.69,2.88,58.86,22.21
0.0346,2.68,4.79,2.95,61.53,23.26
0.0347,2.68,4.94,3.04,65.35,24.73
0.0347,2.67,5.02,3.09,67.26,25.44
0.0347,2.67,5.05,3.11,68.19,25.76
0.0345,2.68,5.04,3.10,68.17,25.67
0.0344,2.69,5.04,3.09,68.23,25.62
0.0341,2.70,4.97,3.04,66.49,24.96
0.0339,2.70,4.86,2.98,63.81,24.02
0.034,2.69,4.75,2.92,60.83,22.98
0.0341,2.69,4.73,2.91,60.10,22.73
0.0342,2.69,4.70,2.89,59.39,22.49
0.0346,2.68,4.75,2.92,60.55,22.94
0.0349,2.68,4.85,2.98,62.94,23.81
0.0355,2.67,4.94,3.03,65.21,24.62
0.0352,2.67,4.98,3.06,66.33,25.02
0.0346,2.67,4.98,3.06,66.18,24.96
0.0341,2.67,4.98,3.06,66.05,24.92
0.0324,2.67,4.91,3.01,64.18,24.18
0.0305,2.66,4.82,2.96,61.93,23.26
0.0287,2.64,4.73,2.89,59.01,22.10
0.0279,2.60,4.73,2.88,58.19,21.58
0.027,2.57,4.73,2.86,57.43,21.09
0.0253,2.55,4.86,2.95,60.39,22.21
0.0235,2.56,5.05,3.06,65.08,23.97
0.0214,2.56,5.23,3.17,70.05,25.73
0.0192,2.56,5.26,3.18,70.75,25.87
0.0181,2.55,5.00,3.02,63.78,23.26
0.017,2.54,4.77,2.88,57.85,21.05
0.0148,2.55,4.69,2.81,55.93,20.16
0.0126,2.55,4.71,2.81,56.68,20.20
0.0114,2.57,4.83,2.87,59.99,21.15
0.0111,2.58,5.06,3.01,66.09,23.40
0.0109,2.60,5.30,3.16,73.13,26.01
0.0111,2.61,5.29,3.16,73.03,26.14
0.0117,2.62,5.23,3.14,71.72,25.81
0.0124,2.62,5.20,3.12,70.82,25.56
0.0132,2.62,5.17,3.11,69.87,25.27
0.0137,2.61,5.23,3.14,71.25,25.73
0.0142,2.60,5.29,3.18,72.68,26.21
0.0154,2.59,5.29,3.18,72.53,26.21
0.0168,2.59,5.19,3.12,69.82,25.30
0.0183,2.59,5.16,3.11,68.91,25.05
0.0197,2.60,5.12,3.09,68.19,24.85
0.0203,2.61,5.06,3.07,66.89,24.53
0.0209,2.62,5.00,3.04,65.64,24.21
0.0219,2.63,5.06,3.07,67.22,24.82
0.0226,2.63,5.09,3.10,68.19,25.17
0.0231,2.62,5.13,3.11,68.96,25.44
0.0233,2.62,5.13,3.12,69.15,25.50
0.0235,2.62,5.14,3.12,69.35,25.56
0.0238,2.62,5.11,3.10,68.41,25.21
0.0238,2.61,5.10,3.09,67.76,24.97
0.0235,2.60,5.10,3.09,67.58,24.88
0.0229,2.59,5.12,3.10,67.95,25.00
0.0225,2.60,5.16,3.13,69.09,25.45
0.0221,2.61,5.20,3.16,70.40,25.96
0.0216,2.61,5.20,3.16,70.78,26.11
0.0212,2.62,5.17,3.14,69.92,25.76
0.0212,2.62,5.14,3.12,69.29,25.56
0.0214,2.63,5.17,3.14,70.14,25.92
0.0215,2.63,5.20,3.16,71.05,26.30
0.0219,2.64,5.24,3.19,72.37,26.88
0.0225,2.64,5.26,3.21,73.21,27.23
0.0231,2.64,5.26,3.20,72.83,27.02
0.0238,2.62,5.23,3.18,71.67,26.46
0.0241,2.60,5.21,3.16,70.55,25.92
0.0244,2.58,5.19,3.14,69.62,25.47
0.0251,2.58,5.17,3.13,68.85,25.21
0.0262,2.59,5.12,3.10,67.77,24.91
0.0276,2.60,5.07,3.08,66.69,24.61
0.0282,2.61,5.00,3.05,65.18,24.21
0.0289,2.63,4.93,3.01,63.83,23.86
0.0298,2.65,4.92,3.01,63.98,24.02
0.0305,2.66,4.93,3.02,64.47,24.26
0.0309,2.66,4.88,3.00,63.48,23.89
0.0312,2.66,4.85,2.97,62.58,23.51
0.0313,2.66,4.83,2.96,62.07,23.30
0.0314,2.65,4.82,2.95,61.52,23.06
0.0314,2.65,4.83,2.95,61.68,23.10
0.0314,2.64,4.85,2.97,62.14,23.28
0.0312,2.65,4.83,2.96,61.73,23.12
0.0313,2.65,4.80,2.94,61.21,22.99
0.0313,2.66,4.78,2.93,60.79,22.89
0.0319,2.67,4.75,2.92,60.38,22.79
0.0326,2.67,4.77,2.93,60.81,23.01
0.0331,2.67,4.84,2.98,62.60,23.72
0.0339,2.67,4.85,2.99,62.82,23.85
0.0343,2.67,4.80,2.96,61.62,23.44
0.0347,2.68,4.76,2.94,60.61,23.11
0.0354,2.69,4.70,2.90,59.37,22.58
0.0362,2.70,4.57,2.81,56.42,21.30
0.0375,2.69,4.53,2.78,55.24,20.86
0.0391,2.69,4.53,2.79,55.12,20.91
0.04,2.68,4.49,2.77,54.17,20.59
0.0409,2.69,4.46,2.75,53.47,20.37
0.0427,2.71,4.48,2.77,54.30,20.74
0.044,2.71,4.49,2.78,54.59,20.91
0.0436,2.71,4.50,2.78,54.86,20.96
0.0426,2.70,4.53,2.80,55.33,21.10
0.0416,2.70,4.55,2.81,55.90,21.26
0.0388,2.69,4.47,2.75,53.81,20.39
0.0356,2.68,4.37,2.69,51.20,19.34
0.0323,2.66,4.36,2.68,50.53,19.03
0.0291,2.63,4.43,2.72,51.66,19.42
0.0276,2.61,4.60,2.80,55.25,20.56
0.0262,2.61,4.77,2.90,59.58,21.95
0.0233,2.61,5.05,3.08,66.76,24.74
0.0205,2.61,5.24,3.20,71.76,26.72
0.0176,2.61,5.30,3.22,73.56,27.13
0.0162,2.61,5.40,3.28,76.35,28.10
0.0148,2.61,5.51,3.34,79.31,29.12
0.012,2.60,5.56,3.34,80.29,28.96
0.0097,2.58,5.54,3.30,79.25,28.05
0.0086,2.56,5.52,3.27,78.07,27.36
0.0085,2.55,5.50,3.24,77.01,26.76
0.0088,2.55,5.47,3.22,76.27,26.45
0.0091,2.55,5.44,3.20,75.54,26.15
0.01,2.55,5.43,3.20,75.01,26.05
0.0111,2.55,5.39,3.19,74.16,25.94
0.0122,2.56,5.40,3.21,74.75,26.35
0.0126,2.58,5.41,3.22,75.48,26.73
0.0131,2.58,5.42,3.23,75.73,26.96
0.0138,2.60,5.43,3.25,76.58,27.50
0.0142,2.60,5.46,3.27,77.44,27.81
0.0143,2.60,5.45,3.26,77.11,27.66
0.0144,2.60,5.41,3.24,76.05,27.26
0.0144,2.60,5.41,3.24,76.16,27.31
0.0144,2.60,5.42,3.25,76.27,27.36
0.0147,2.60,5.40,3.24,75.67,27.18
0.0151,2.60,5.32,3.19,73.59,26.50
0.0158,2.60,5.25,3.16,71.60,25.86
0.0164,2.58,5.23,3.14,70.53,25.41
0.0168,2.56,5.26,3.15,70.94,25.51
0.0171,2.56,5.29,3.17,71.81,25.77
0.0178,2.56,5.39,3.23,74.42,26.80
0.0185,2.56,5.49,3.30,77.26,27.88
0.0192,2.56,5.51,3.31,77.96,28.14
0.0196,2.56,5.49,3.30,77.38,27.98
0.0199,2.56,5.47,3.29,76.81,27.80
0.0205,2.59,5.43,3.28,76.48,27.89
0.021,2.59,5.37,3.24,74.54,27.17
0.0211,2.59,5.30,3.20,72.66,26.49
0.0212,2.60,5.26,3.18,71.79,26.21
0.021,2.60,5.24,3.16,71.20,25.97
0.0207,2.59,5.21,3.15,70.41,25.65
0.0195,2.58,5.15,3.10,68.60,24.87
0.018,2.58,5.14,3.09,68.20,24.60
0.0165,2.58,5.12,3.07,67.68,24.34
0.0157,2.60,5.17,3.10,69.38,25.02
0.0148,2.61,5.22,3.14,71.12,25.71
0.0131,2.61,5.40,3.24,76.31,27.41
0.0115,2.63,5.45,3.28,78.14,28.22
0.0098,2.63,5.37,3.23,75.98,27.43
0.0082,2.63,5.27,3.14,73.14,25.97
0.0073,2.61,5.18,3.08,70.21,24.83
0.0064,2.58,5.10,3.02,67.02,23.60
0.0048,2.55,5.14,3.03,67.29,23.45
0.0034,2.53,5.21,3.06,68.82,23.67
0.0021,2.53,5.19,3.02,68.07,23.12
0.0018,2.53,5.08,2.96,65.42,22.17
0.0015,2.53,4.99,2.90,62.92,21.28
0.0014,2.53,4.94,2.88,61.87,20.93
0.0015,2.56,4.86,2.83,60.60,20.54
0.0018,2.58,4.84,2.82,60.53,20.53
0.0024,2.60,4.91,2.87,62.56,21.37
0.0027,2.61,4.91,2.87,63.06,21.58
0.0031,2.63,4.92,2.88,63.57,21.81
0.0039,2.65,5.06,2.97,67.66,23.35
0.0048,2.65,5.18,3.08,71.10,25.02
0.0058,2.65,5.23,3.12,72.29,25.73
0.0065,2.63,5.28,3.14,73.24,25.99
0.0072,2.61,5.33,3.17,74.21,26.25
0.0087,2.58,5.21,3.09,70.02,24.58
0.0103,2.56,5.02,2.98,64.71,22.72
0.0121,2.55,4.77,2.84,58.07,20.52
0.0135,2.53,4.49,2.68,50.97,18.14
0.0142,2.53,4.33,2.59,47.56,17.00
0.0148,2.53,4.19,2.51,44.49,15.95
0.0159,2.52,4.17,2.50,43.72,15.73
0.0166,2.52,4.25,2.55,45.54,16.38
0.017,2.52,4.48,2.68,50.54,18.13
0.017,2.52,4.72,2.82,56.11,20.05
0.017,2.55,4.95,2.96,62.34,22.33
0.0169,2.56,5.19,3.11,69.11,24.80
0.0167,2.58,5.37,3.22,74.39,26.78
0.0165,2.60,5.42,3.26,76.44,27.67
0.016,2.61,5.44,3.28,77.45,28.19
0.0157,2.61,5.40,3.26,76.30,27.76
0.0155,2.61,5.36,3.23,75.18,27.34
0.0149,2.63,5.29,3.19,73.51,26.84
0.0144,2.63,5.22,3.15,71.54,26.06
0.0144,2.65,5.18,3.13,71.08,26.00
0.0145,2.66,5.20,3.15,71.99,26.47
0.0146,2.66,5.23,3.17,72.89,26.81
0.0147,2.66,5.26,3.19,73.80,27.15
0.0154,2.66,5.22,3.17,72.52,26.74
0.0162,2.66,5.11,3.10,69.44,25.65
0.0169,2.66,5.05,3.07,67.84,25.08
0.0173,2.66,5.01,3.05,66.91,24.69
0.0177,2.65,4.98,3.02,65.59,24.16
0.0187,2.63,5.02,3.04,66.30,24.37
0.02,2.61,5.11,3.09,68.24,25.03
0.0213,2.60,5.16,3.12,69.18,25.31
0.0226,2.58,5.23,3.16,70.48,25.70
0.0231,2.62,5.27,3.19,72.64,26.72
0.0236,2.63,5.31,3.23,73.92,27.42
0.0238,2.62,5.26,3.20,72.58,26.88
0.0232,2.62,5.17,3.14,69.90,25.77
0.0219,2.62,5.07,3.07,67.30,24.69
0.0212,2.62,4.94,2.99,64.03,23.50
0.0205,2.62,4.82,2.92,61.01,22.40
0.0189,2.62,4.69,2.84,57.75,21.14
0.017,2.61,4.64,2.80,56.39,20.53
0.0155,2.61,4.69,2.83,57.56,20.99
0.0137,2.61,4.84,2.92,61.31,22.35
0.0126,2.61,5.09,3.06,67.70,24.43
0.0116,2.61,5.36,3.20,75.14,26.84
0.0093,2.60,5.45,3.25,77.14,27.52
0.0069,2.60,5.41,3.22,76.03,26.95
0.0046,2.56,5.37,3.18,73.97,25.99
0.0025,2.58,5.34,3.14,73.65,25.46
0.0017,2.60,5.34,3.12,74.09,25.31
0.001,2.61,5.34,3.10,74.52,25.17
0.0002,2.63,5.28,3.06,73.40,24.70
0.0001,2.65,5.16,3.00,70.54,23.88
0.0001,2.66,5.08,2.97,68.60,23.49
0.0001,2.66,5.01,2.92,66.81,22.69
0.0001,2.66,4.94,2.87,65.09,21.93
0.0001,2.66,4.94,2.87,65.00,21.88
0.0001,2.65,4.98,2.89,65.76,22.11
0.0001,2.65,5.02,2.91,66.75,22.44
0.0002,2.63,5.11,2.96,68.74,23.12
0.0004,2.61,5.28,3.07,72.97,24.61
0.0006,2.61,5.47,3.18,78.11,26.43
0.0012,2.61,5.56,3.24,80.71,27.45
0.0018,2.61,5.55,3.24,80.51,27.52
0.0026,2.61,5.49,3.22,78.66,27.08
0.003,2.61,5.36,3.14,74.97,25.79
0.0034,2.58,5.23,3.07,70.64,24.29
0.0041,2.58,5.19,3.04,69.61,23.91
0.0046,2.56,5.24,3.06,70.31,24.05
0.0052,2.56,5.24,3.07,70.55,24.14
0.0059,2.56,5.24,3.07,70.29,24.11
0.0063,2.56,5.22,3.06,69.96,24.03
0.0067,2.56,5.21,3.06,69.62,23.95
0.0076,2.56,5.18,3.05,68.93,23.83
0.0085,2.58,5.18,3.07,69.26,24.25
0.0094,2.60,5.19,3.09,69.99,24.82
0.0096,2.60,5.17,3.08,69.40,24.64
0.0099,2.60,5.15,3.07,68.82,24.48
0.0102,2.60,5.08,3.03,67.07,23.89
0.0103,2.56,5.07,3.00,65.85,23.13
0.0104,2.55,5.13,3.04,66.94,23.54
0.0106,2.53,5.17,3.07,67.60,23.86
0.0109,2.52,5.20,3.09,67.98,24.07
0.0112,2.50,5.23,3.12,68.38,24.28
0.0122,2.50,5.31,3.17,70.46,25.18
0.0131,2.50,5.35,3.20,71.41,25.63
0.0137,2.52,5.38,3.22,72.71,26.11
0.0139,2.52,5.36,3.21,72.41,26.00
0.0142,2.53,5.35,3.21,72.58,26.04
0.0147,2.53,5.20,3.11,68.46,24.47
0.0153,2.55,5.16,3.07,67.81,24.09
0.0157,2.55,5.21,3.10,69.17,24.54
0.0162,2.56,5.23,3.13,70.18,25.09
0.0164,2.58,5.27,3.16,71.72,25.75
0.0166,2.58,5.31,3.19,72.85,26.26
0.0174,2.58,5.23,3.14,70.47,25.49
0.0187,2.58,5.17,3.11,68.98,25.04
0.02,2.56,5.17,3.11,68.58,24.85
0.0214,2.56,5.18,3.12,68.70,25.03
0.0219,2.55,5.29,3.19,71.34,25.96
0.0224,2.55,5.40,3.26,74.42,27.05
0.0234,2.55,5.39,3.26,74.18,27.07
0.0241,2.55,5.25,3.18,70.54,25.77
0.0248,2.56,5.07,3.06,65.91,24.04
0.0253,2.58,4.86,2.94,60.76,22.33
0.0258,2.60,4.66,2.83,56.39,20.89
0.0272,2.62,4.48,2.73,52.65,19.58
0.0291,2.64,4.46,2.73,52.49,19.64
0.031,2.64,4.61,2.83,56.17,21.13
0.0327,2.64,4.75,2.92,59.75,22.60
0.0334,2.64,4.87,2.99,62.67,23.68
0.0341,2.64,4.99,3.07,65.71,24.82
0.035,2.63,5.03,3.08,66.49,25.00
0.0353,2.62,4.94,3.02,63.81,23.82
0.0353,2.61,4.85,2.96,61.40,22.80
0.0352,2.61,4.82,2.94,60.65,22.56
0.0351,2.62,4.79,2.92,60.11,22.40
0.0354,2.64,4.80,2.94,60.72,22.72
0.0362,2.64,4.84,2.97,61.95,23.27
0.0377,2.64,4.87,2.99,62.73,23.60
0.0394,2.64,4.87,2.99,62.43,23.55
0.04,2.63,4.86,2.99,62.31,23.52
0.0406,2.63,4.86,2.99,62.32,23.53
0.0414,2.64,4.91,3.02,63.48,24.02
0.0421,2.64,4.90,3.01,63.24,23.92
0.0426,2.63,4.87,2.99,62.51,23.56
0.0429,2.62,4.82,2.96,60.89,22.90
0.0433,2.61,4.77,2.92,59.36,22.28
0.044,2.61,4.67,2.85,56.93,21.25
0.0451,2.61,4.60,2.81,55.33,20.64
0.0465,2.62,4.55,2.78,54.14,20.24
0.0479,2.63,4.51,2.77,53.62,20.12
0.0483,2.64,4.50,2.76,53.59,20.17
0.0488,2.65,4.49,2.76,53.50,20.20
0.0491,2.66,4.50,2.77,53.88,20.37
0.0487,2.66,4.55,2.79,54.91,20.74
0.0479,2.66,4.57,2.80,55.41,20.89
0.047,2.66,4.53,2.78,54.69,20.59
0.0467,2.67,4.51,2.77,54.12,20.41
0.0463,2.67,4.48,2.75,53.56,20.23
0.0458,2.67,4.51,2.77,54.28,20.58
0.0455,2.67,4.54,2.80,55.18,20.97
0.0451,2.66,4.59,2.83,56.13,21.32
0.0449,2.65,4.62,2.84,56.51,21.39
0.0447,2.64,4.65,2.85,56.98,21.50
0.0443,2.64,4.67,2.87,57.47,21.65
0.0444,2.64,4.66,2.86,57.40,21.62
0.0456,2.65,4.65,2.86,57.44,21.69
0.0479,2.66,4.69,2.89,58.49,22.18
0.0493,2.66,4.75,2.92,60.00,22.76
0.0507,2.66,4.80,2.96,61.45,23.32
0.0541,2.66,4.80,2.96,61.28,23.24
0.0575,2.65,4.71,2.90,58.77,22.22
0.0605,2.64,4.59,2.81,55.65,20.86
0.0617,2.63,4.47,2.73,52.41,19.57
0.0629,2.62,4.35,2.65,49.54,18.43
0.0653,2.62,4.29,2.61,48.23,17.77
0.0678,2.61,4.30,2.60,48.31,17.71
0.0703,2.61,4.31,2.60,48.46,17.64
0.0727,2.61,4.31,2.60,48.51,17.57
0.0738,2.62,4.32,2.60,48.91,17.71
0.0749,2.62,4.34,2.61,49.26,17.84
0.0764,2.62,4.35,2.62,49.56,17.98
0.0765,2.62,4.34,2.62,49.28,17.90
0.0752,2.62,4.32,2.61,48.91,17.80
0.0741,2.63,4.32,2.61,48.95,17.87
0.073,2.64,4.31,2.61,49.03,17.94
0.0702,2.64,4.32,2.62,49.35,18.11
0.0674,2.63,4.36,2.65,50.17,18.46
0.0658,2.63,4.37,2.66,50.30,18.55
0.0648,2.63,4.38,2.67,50.51,18.73
0.0643,2.65,4.47,2.73,52.89,19.69
0.0638,2.66,4.56,2.79,55.43,20.72
0.0625,2.67,4.56,2.79,55.44,20.82
0.0611,2.68,4.53,2.77,54.85,20.62
0.0598,2.68,4.50,2.76,54.36,20.39
0.059,2.68,4.41,2.70,52.18,19.57
0.0583,2.67,4.32,2.65,50.01,18.76
0.0567,2.67,4.34,2.65,50.31,18.82
0.0549,2.67,4.35,2.66,50.66,18.99
0.0535,2.68,4.36,2.68,51.00,19.19
0.0526,2.68,4.39,2.69,51.56,19.44
0.0523,2.67,4.44,2.72,52.70,19.84
0.052,2.67,4.49,2.75,53.83,20.23
0.0512,2.66,4.53,2.77,54.50,20.46
0.0497,2.65,4.52,2.77,54.08,20.36
0.0477,2.65,4.56,2.81,55.08,20.83
0.046,2.64,4.66,2.87,57.36,21.74
0.0454,2.64,4.72,2.91,58.91,22.30
0.0448,2.64,4.79,2.94,60.49,22.86
0.0442,2.63,4.88,3.00,62.77,23.65
0.0443,2.63,4.91,3.01,63.49,23.90
0.0455,2.64,4.88,3.00,62.87,23.71
0.0465,2.64,4.89,3.01,63.31,23.93
0.0474,2.65,4.90,3.02,63.73,24.14
0.0497,2.65,4.93,3.04,64.53,24.46
0.052,2.65,4.91,3.02,63.96,24.19
0.0541,2.64,4.77,2.93,60.15,22.63
0.0562,2.63,4.63,2.83,56.21,20.96
0.0573,2.62,4.50,2.75,53.06,19.73
0.0583,2.61,4.39,2.67,50.28,18.65
0.0605,2.61,4.30,2.61,48.24,17.80
0.0628,2.62,4.30,2.61,48.47,17.91
0.0652,2.63,4.31,2.63,48.95,18.14
0.0663,2.63,4.32,2.63,49.18,18.22
0.0673,2.63,4.33,2.63,49.30,18.26
0.0688,2.63,4.36,2.65,50.07,18.51
0.0695,2.63,4.39,2.67,50.60,18.67
0.0694,2.63,4.39,2.67,50.70,18.71
0.0689,2.63,4.38,2.66,50.50,18.64
0.0686,2.63,4.38,2.66,50.34,18.58
0.0683,2.63,4.37,2.66,50.25,18.54
0.0676,2.64,4.38,2.66,50.68,18.72
0.0667,2.65,4.37,2.66,50.71,18.79
0.0656,2.66,4.35,2.65,50.17,18.63
0.0651,2.65,4.32,2.63,49.61,18.40
0.0646,2.64,4.30,2.62,48.95,18.14
0.0637,2.64,4.27,2.60,48.15,17.84
0.0629,2.64,4.26,2.60,47.99,17.85
0.062,2.66,4.30,2.63,49.02,18.34
0.0613,2.67,4.32,2.65,49.92,18.79
0.061,2.68,4.32,2.65,50.08,18.88
0.0607,2.68,4.32,2.65,50.02,18.89
0.0601,2.68,4.36,2.68,50.80,19.15
0.0587,2.67,4.40,2.70,51.78,19.49
0.0562,2.67,4.43,2.72,52.55,19.77
0.0528,2.67,4.45,2.73,52.82,19.90
0.051,2.66,4.40,2.70,51.53,19.38
0.0492,2.66,4.35,2.67,50.32,18.90
0.0458,2.66,4.29,2.63,48.93,18.37
0.0428,2.68,4.26,2.62,48.72,18.37
0.04,2.70,4.29,2.65,49.78,18.95
0.0386,2.72,4.31,2.66,50.55,19.28
0.0373,2.73,4.33,2.67,51.10,19.53
0.0346,2.72,4.43,2.74,53.44,20.48
0.0322,2.69,4.63,2.86,57.60,22.00
0.0295,2.65,4.83,2.96,61.89,23.28
0.0267,2.63,5.07,3.11,67.65,25.41
0.0255,2.62,5.18,3.17,70.30,26.32
0.0244,2.63,5.28,3.23,73.34,27.37
0.0229,2.63,5.14,3.13,69.30,25.70
0.0228,2.62,4.95,3.01,64.23,23.70
0.0241,2.61,4.89,2.97,62.46,23.05
0.025,2.60,4.95,3.01,63.90,23.64
0.0259,2.61,5.01,3.05,65.57,24.32
0.0277,2.61,5.04,3.08,66.48,24.80
0.0296,2.62,5.00,3.06,65.50,24.48
0.0322,2.62,4.87,2.98,62.26,23.31
0.0357,2.63,4.80,2.94,60.80,22.83
0.038,2.64,4.81,2.95,61.20,23.06
0.0403,2.65,4.82,2.96,61.42,23.21
0.0451,2.64,4.93,3.03,64.11,24.29
0.0498,2.64,5.05,3.11,67.40,25.58
0.0541,2.63,4.99,3.07,65.57,24.82
0.0562,2.62,4.86,2.98,61.76,23.31
0.0583,2.60,4.73,2.90,58.20,21.90
0.062,2.59,4.58,2.79,54.40,20.21
0.0644,2.59,4.40,2.66,50.16,18.37
0.0658,2.60,4.31,2.60,48.28,17.59
0.0662,2.61,4.29,2.59,48.09,17.59
0.0662,2.62,4.30,2.60,48.42,17.73
0.0662,2.63,4.31,2.61,48.65,17.84
0.0659,2.62,4.43,2.68,51.43,18.84
0.0652,2.62,4.55,2.75,54.10,19.85
0.0642,2.61,4.63,2.81,55.77,20.64
0.0636,2.59,4.80,2.92,59.65,22.11
0.0631,2.58,4.98,3.03,63.90,23.73
0.0628,2.56,5.14,3.15,67.61,25.38
0.0632,2.56,5.20,3.19,68.99,26.04
0.0641,2.55,5.12,3.14,66.88,25.23
0.065,2.55,4.91,3.01,61.54,23.09
0.0655,2.55,4.68,2.87,55.85,20.92
0.0661,2.55,4.47,2.73,51.03,19.08
0.0677,2.56,4.32,2.63,47.89,17.69
0.0701,2.58,4.27,2.58,46.99,17.12
0.0735,2.60,4.30,2.58,47.90,17.29
0.0773,2.60,4.29,2.57,47.95,17.21
0.079,2.61,4.29,2.57,47.97,17.15
0.0808,2.61,4.29,2.56,47.99,17.08
0.0836,2.61,4.33,2.57,48.90,17.27
0.0856,2.62,4.35,2.58,49.61,17.47
0.0865,2.62,4.36,2.59,49.76,17.52
0.0864,2.61,4.28,2.54,47.87,16.87
0.0863,2.61,4.20,2.49,46.15,16.27
0.0858,2.62,4.16,2.48,45.40,16.06
0.0853,2.62,4.12,2.45,44.46,15.80
0.0847,2.62,4.06,2.43,43.26,15.42
0.084,2.62,4.04,2.41,42.76,15.27
0.0837,2.62,4.01,2.40,42.05,15.02
0.0834,2.61,3.98,2.38,41.35,14.78
0.0833,2.61,3.98,2.38,41.36,14.77
0.0838,2.62,4.05,2.41,42.82,15.25
0.0841,2.62,4.17,2.48,45.51,16.16
0.0836,2.62,4.29,2.56,48.22,17.14
0.0832,2.63,4.41,2.63,51.15,18.19
0.082,2.63,4.40,2.63,50.82,18.13
0.0813,2.63,4.34,2.60,49.70,17.77
0.0809,2.63,4.33,2.58,49.39,17.59
0.0805,2.63,4.33,2.57,49.37,17.43
0.0802,2.63,4.37,2.60,50.28,17.83
0.08,2.64,4.41,2.63,51.22,18.23
0.0792,2.64,4.45,2.69,52.30,19.01
0.0781,2.64,4.49,2.72,53.20,19.49
0.0773,2.64,4.53,2.74,54.24,19.75
0.0773,2.64,4.53,2.73,54.08,19.66
0.0773,2.64,4.52,2.72,53.90,19.56
0.0777,2.64,4.51,2.71,53.63,19.40
0.0777,2.64,4.46,2.68,52.54,18.98
0.0779,2.64,4.35,2.62,49.83,18.04
0.0796,2.64,4.24,2.55,47.30,17.17
0.0808,2.63,4.17,2.51,45.77,16.57
0.082,2.63,4.10,2.47,44.28,15.98
0.0841,2.62,4.03,2.41,42.67,15.23
0.086,2.62,3.95,2.34,40.81,14.37
0.088,2.61,3.86,2.28,38.87,13.60
0.0898,2.61,3.76,2.22,36.83,12.84
0.091,2.60,3.69,2.18,35.41,12.30
0.0923,2.59,3.63,2.13,34.17,11.81
0.0951,2.59,3.68,2.15,35.14,11.94
0.0967,2.59,3.78,2.19,37.06,12.42
0.0965,2.58,3.88,2.25,38.86,13.01
0.0959,2.57,3.89,2.26,38.93,13.08
0.0952,2.56,3.90,2.27,39.04,13.17
0.0941,2.57,3.86,2.25,38.40,13.04
0.0936,2.60,3.80,2.21,37.53,12.66
0.0938,2.62,3.70,2.14,35.78,12.00
0.0938,2.63,3.62,2.11,34.41,11.73
0.0937,2.64,3.60,2.11,34.24,11.74
0.0936,2.64,3.59,2.11,34.01,11.74
0.0932,2.64,3.57,2.11,33.67,11.70
0.0923,2.63,3.58,2.11,33.71,11.74
0.0915,2.62,3.64,2.15,34.80,12.08
0.0911,2.62,3.64,2.14,34.67,12.01
0.0906,2.61,3.64,2.14,34.57,11.97
0.0897,2.61,3.59,2.12,33.72,11.71
0.0902,2.61,3.58,2.11,33.38,11.57
0.0919,2.61,3.50,2.05,31.97,11.00
0.0939,2.61,3.42,2.00,30.51,10.44
0.0946,2.60,3.43,2.01,30.69,10.46
0.0954,2.60,3.45,2.01,30.89,10.49
0.0963,2.60,3.44,2.00,30.79,10.36
0.0965,2.60,3.37,1.95,29.59,9.91
0.0968,2.60,3.33,1.92,28.80,9.60
0.0969,2.60,3.38,1.95,29.64,9.86
0.0969,2.60,3.43,1.98,30.53,10.15
0.0969,2.61,3.49,2.01,31.75,10.56
0.0968,2.61,3.60,2.08,33.86,11.31
0.0968,2.61,3.67,2.12,35.13,11.74
0.0962,2.61,3.62,2.10,34.18,11.46
0.0956,2.61,3.54,2.05,32.69,11.01
0.095,2.60,3.46,2.01,31.25,10.56
0.0934,2.60,3.44,2.01,30.79,10.51
0.0919,2.60,3.46,2.04,31.17,10.76
0.0912,2.60,3.52,2.07,32.17,11.16
0.0911,2.60,3.64,2.14,34.39,11.94
0.0909,2.61,3.76,2.22,36.92,12.83
0.0909,2.62,3.89,2.30,39.71,13.81
0.0909,2.63,3.99,2.36,41.80,14.60
0.0908,2.62,4.03,2.39,42.65,14.95
0.0903,2.60,4.04,2.39,42.47,14.89
0.09,2.58,4.04,2.39,42.09,14.74
0.0897,2.57,4.03,2.39,41.89,14.65
0.089,2.58,4.03,2.38,41.98,14.67
0.0885,2.60,4.04,2.38,42.33,14.76
0.0881,2.61,4.05,2.39,42.82,14.88
0.0877,2.63,4.05,2.39,43.25,15.03
0.0874,2.64,4.06,2.39,43.53,15.16
0.0871,2.65,4.06,2.40,43.71,15.25
0.0864,2.65,4.06,2.41,43.73,15.41
0.0854,2.65,4.06,2.42,43.64,15.49
0.0854,2.64,4.06,2.42,43.57,15.44
0.0856,2.64,4.06,2.42,43.67,15.46
0.0859,2.65,4.07,2.42,43.95,15.54
0.0861,2.67,4.10,2.44,44.86,15.90
0.0861,2.68,4.13,2.47,45.90,16.35
0.0862,2.69,4.18,2.49,46.93,16.70
0.0863,2.69,4.24,2.52,48.35,17.06
0.0862,2.67,4.22,2.50,47.55,16.68
0.0861,2.65,4.20,2.48,46.68,16.29
0.0857,2.63,4.16,2.45,45.55,15.84
0.0858,2.63,4.13,2.44,44.77,15.62
0.0864,2.64,4.09,2.42,44.20,15.44
0.0869,2.65,4.08,2.41,44.11,15.40
0.0873,2.66,4.07,2.40,43.97,15.34
0.0882,2.66,4.04,2.39,43.48,15.21
0.0888,2.66,4.03,2.39,43.31,15.22
0.0887,2.66,4.04,2.40,43.43,15.29
0.0881,2.65,4.03,2.39,43.04,15.13
0.0876,2.65,4.03,2.39,42.99,15.14
0.0871,2.65,4.03,2.39,43.00,15.16
0.0855,2.65,3.99,2.38,42.29,15.01
0.0842,2.64,3.95,2.36,41.29,14.73
0.0837,2.63,3.94,2.35,40.95,14.59
0.0838,2.62,3.92,2.33,40.25,14.30
0.0838,2.62,3.89,2.32,39.69,14.07
0.0841,2.63,3.87,2.30,39.38,13.92
0.0841,2.64,3.87,2.31,39.48,14.04
0.0839,2.65,3.87,2.32,39.66,14.21
0.0832,2.65,3.89,2.33,40.06,14.40
0.0828,2.64,3.91,2.35,40.49,14.54
0.0823,2.64,3.94,2.36,40.95,14.70
0.0808,2.64,3.95,2.36,41.05,14.74
0.0789,2.64,3.94,2.36,40.96,14.76
0.077,2.64,3.93,2.36,40.72,14.73
0.076,2.65,3.91,2.36,40.52,14.70
0.0761,2.65,3.87,2.34,39.82,14.48
0.0761,2.66,3.84,2.32,39.18,14.29
0.0766,2.67,3.84,2.33,39.40,14.44
0.0769,2.66,3.95,2.39,41.55,15.26
0.0774,2.65,4.07,2.47,44.02,16.14
0.078,2.65,4.17,2.52,46.03,16.83
0.0786,2.65,4.27,2.58,48.28,17.62
0.0803,2.64,4.28,2.58,48.49,17.57
0.0819,2.63,4.17,2.50,45.87,16.49
0.0835,2.62,4.06,2.43,43.25,15.45
0.0853,2.61,4.01,2.39,41.97,14.91
0.0861,2.60,3.98,2.37,41.17,14.57
0.0868,2.59,3.95,2.34,40.32,14.22
0.0874,2.57,3.91,2.31,39.40,13.78
0.0875,2.56,3.87,2.28,38.39,13.35
0.0873,2.57,3.84,2.27,37.95,13.22
0.0871,2.59,3.86,2.28,38.48,13.43
0.0869,2.60,3.87,2.29,38.94,13.62
0.0866,2.60,3.94,2.33,40.39,14.14
0.087,2.60,4.04,2.40,42.46,14.96
0.0878,2.60,4.18,2.49,45.42,16.13
0.088,2.60,4.32,2.58,48.53,17.30
0.0879,2.60,4.27,2.55,47.34,16.88
0.0878,2.59,4.22,2.52,46.21,16.49
0.0874,2.59,4.10,2.45,43.57,15.55
0.0874,2.60,3.99,2.38,41.33,14.66
0.0874,2.60,3.88,2.30,39.10,13.75
0.0878,2.59,3.86,2.28,38.52,13.49
0.0882,2.58,3.83,2.26,37.90,13.22
0.09,2.58,3.86,2.27,38.33,13.24
0.0923,2.58,3.84,2.24,37.95,12.99
0.0941,2.59,3.82,2.22,37.84,12.84
0.0954,2.61,3.85,2.24,38.79,13.06
0.0957,2.63,3.84,2.23,38.80,13.05
0.0961,2.63,3.83,2.22,38.61,12.95
0.0959,2.62,3.82,2.21,38.26,12.83
0.0948,2.62,3.83,2.22,38.31,12.91
0.0933,2.62,3.83,2.23,38.31,13.02
0.0926,2.62,3.80,2.22,37.81,12.92
0.0919,2.63,3.77,2.21,37.34,12.82
0.0904,2.63,3.71,2.18,36.17,12.56
0.0887,2.65,3.66,2.16,35.39,12.38
0.0867,2.66,3.64,2.16,35.19,12.41
0.0842,2.66,3.66,2.19,35.78,12.75
0.0828,2.66,3.76,2.25,37.59,13.45
0.0814,2.66,3.85,2.31,39.49,14.17
0.0786,2.66,3.92,2.36,40.92,14.78
0.0762,2.67,3.95,2.38,41.72,15.18
0.0739,2.68,3.97,2.41,42.26,15.53
0.0717,2.70,3.97,2.42,42.50,15.78
0.0706,2.71,3.98,2.43,42.92,15.99
0.0695,2.71,3.99,2.44,43.29,16.19
0.0675,2.72,4.05,2.48,44.57,16.73
0.0655,2.72,4.08,2.50,45.31,17.03
0.0635,2.72,4.11,2.52,45.77,17.25
0.0628,2.71,4.15,2.55,46.71,17.60
0.0621,2.71,4.19,2.57,47.69,17.97
0.0622,2.71,4.20,2.58,47.71,18.00
0.0638,2.70,4.24,2.60,48.45,18.25
0.0658,2.69,4.30,2.63,49.66,18.66
0.0675,2.68,4.32,2.65,50.04,18.80
0.068,2.68,4.33,2.65,50.22,18.80
0.0685,2.66,4.34,2.65,50.15,18.73
0.0692,2.63,4.29,2.61,48.41,17.98
0.07,2.60,4.22,2.56,46.38,17.01
0.071,2.60,4.16,2.51,44.95,16.28
0.0715,2.61,4.10,2.47,43.79,15.87
0.072,2.63,4.04,2.43,42.90,15.56
0.0731,2.65,4.04,2.43,43.24,15.72
0.0745,2.67,4.03,2.44,43.41,15.85
0.0759,2.68,4.02,2.43,43.44,15.91
0.0772,2.69,4.05,2.45,44.04,16.10
0.0774,2.69,4.07,2.46,44.52,16.26
0.0776,2.69,4.09,2.47,44.95,16.40
0.0774,2.69,4.13,2.50,45.90,16.74
0.0772,2.69,4.16,2.51,46.41,16.89
0.077,2.69,4.15,2.50,46.22,16.76
0.0771,2.69,4.15,2.50,46.34,16.83
0.0772,2.68,4.16,2.51,46.35,16.87
0.078,2.66,4.12,2.48,45.07,16.35
0.0792,2.64,4.09,2.45,44.09,15.91
0.0806,2.63,4.09,2.45,44.02,15.78
0.0821,2.63,4.10,2.45,44.11,15.74
0.0827,2.64,4.10,2.45,44.43,15.86
0.0832,2.65,4.11,2.46,44.76,15.99
0.0839,2.65,4.11,2.46,44.79,16.01
0.0842,2.65,4.09,2.44,44.39,15.82
0.0843,2.64,4.08,2.43,43.88,15.57
0.0842,2.63,4.07,2.42,43.59,15.44
0.0841,2.63,4.06,2.42,43.32,15.34
0.0841,2.63,4.05,2.41,43.09,15.25
0.084,2.63,4.02,2.40,42.55,15.10
0.0844,2.64,4.00,2.39,42.26,15.05
0.0851,2.64,3.98,2.38,41.95,14.95
0.0853,2.65,3.97,2.37,41.75,14.88
0.0854,2.65,3.95,2.36,41.49,14.79
0.0853,2.65,3.95,2.36,41.49,14.76
0.0848,2.66,3.95,2.35,41.48,14.73
0.084,2.66,3.94,2.35,41.31,14.67
0.0833,2.65,3.94,2.35,41.21,14.67
0.0831,2.63,3.98,2.37,41.67,14.83
0.083,2.62,4.01,2.39,42.14,15.00
0.0832,2.61,4.01,2.40,42.01,15.00
0.0834,2.60,4.04,2.41,42.43,15.16
0.0837,2.60,4.07,2.43,43.07,15.39
0.0838,2.60,4.09,2.44,43.45,15.54
0.0838,2.62,4.10,2.45,44.01,15.77
0.0835,2.64,4.14,2.48,45.30,16.26
0.0826,2.65,4.15,2.49,45.83,16.45
0.081,2.66,4.13,2.48,45.31,16.30
0.079,2.65,4.09,2.46,44.38,16.03
0.0778,2.64,4.06,2.44,43.53,15.74
0.0767,2.63,4.03,2.42,42.79,15.48
0.0742,2.64,4.04,2.43,42.95,15.59
0.0721,2.65,4.08,2.47,44.12,16.10
0.0708,2.66,4.16,2.52,45.97,16.90
0.0703,2.67,4.29,2.60,48.96,18.02
0.0698,2.66,4.42,2.68,51.98,19.16
0.0688,2.64,4.48,2.73,53.14,19.74
0.0678,2.64,4.48,2.74,52.88,19.76
0.0669,2.64,4.44,2.72,52.00,19.48
0.0665,2.64,4.30,2.63,48.99,18.34
0.0666,2.64,4.19,2.56,46.34,17.32
0.0667,2.62,4.08,2.49,43.68,16.29
0.0674,2.60,4.13,2.51,44.37,16.44
0.0687,2.59,4.17,2.53,44.98,16.61
0.071,2.59,4.17,2.53,45.05,16.60
0.0727,2.59,4.20,2.55,45.71,16.80
0.0744,2.59,4.24,2.56,46.41,17.01
0.0781,2.59,4.19,2.52,45.54,16.48
0.0821,2.59,4.16,2.49,44.98,16.09
0.086,2.60,4.17,2.48,45.29,16.05
0.0888,2.61,4.16,2.46,45.12,15.83
0.0894,2.61,4.11,2.43,44.09,15.41
0.09,2.61,4.06,2.40,43.05,14.99
0.0899,2.61,4.01,2.36,42.01,14.54
0.0895,2.59,4.00,2.36,41.51,14.37
0.0891,2.56,4.00,2.36,41.12,14.23
0.0891,2.54,4.01,2.35,40.81,14.09
0.0893,2.53,4.08,2.40,42.14,14.57
0.0896,2.56,4.15,2.44,44.03,15.24
0.0899,2.60,4.29,2.54,47.83,16.75
0.0894,2.64,4.37,2.60,50.47,17.90
0.0882,2.66,4.36,2.60,50.41,17.97
0.0875,2.65,4.31,2.57,49.37,17.59
0.0869,2.64,4.27,2.55,48.25,17.17
0.0854,2.64,4.17,2.48,45.74,16.21
0.0835,2.63,4.10,2.44,44.10,15.65
0.0819,2.62,4.11,2.46,44.24,15.79
0.0811,2.61,4.09,2.45,43.75,15.70
0.0811,2.62,4.05,2.43,42.87,15.40
0.0811,2.63,4.00,2.40,42.11,15.15
0.0808,2.63,4.02,2.41,42.52,15.27
0.0798,2.63,4.06,2.43,43.50,15.61
0.0781,2.63,4.15,2.49,45.22,16.28
0.077,2.62,4.22,2.53,46.65,16.86
0.076,2.63,4.29,2.58,48.31,17.52
0.0742,2.64,4.35,2.63,49.90,18.26
0.073,2.64,4.40,2.67,51.19,18.87
0.0725,2.64,4.44,2.70,52.00,19.24
0.072,2.64,4.48,2.72,52.93,19.61
0.0715,2.64,4.45,2.71,52.44,19.43
0.0709,2.64,4.43,2.70,51.91,19.23
0.0691,2.64,4.36,2.65,50.11,18.58
0.0673,2.65,4.26,2.60,48.13,17.86
0.066,2.65,4.21,2.56,46.92,17.38
0.0656,2.65,4.19,2.55,46.52,17.21
0.0652,2.65,4.17,2.53,45.97,16.98
0.0645,2.64,4.17,2.53,45.93,16.91
0.0636,2.63,4.24,2.58,47.28,17.49
0.0628,2.63,4.33,2.64,49.34,18.41
0.0619,2.63,4.39,2.69,50.70,19.00
0.0614,2.63,4.46,2.73,52.26,19.56
0.0609,2.63,4.53,2.77,53.85,20.14
0.0598,2.62,4.57,2.80,54.80,20.50
0.0583,2.62,4.58,2.80,54.89,20.57
0.0565,2.62,4.61,2.83,55.85,20.96
0.0556,2.63,4.61,2.83,55.91,20.98
0.0548,2.62,4.62,2.83,55.91,20.98
0.0535,2.62,4.56,2.79,54.40,20.39
0.0525,2.61,4.51,2.76,53.15,19.90
0.0516,2.61,4.50,2.75,52.83,19.75
0.0512,2.60,4.50,2.75,52.60,19.63
0.0514,2.60,4.47,2.73,51.95,19.40
0.0515,2.61,4.44,2.72,51.47,19.24
0.0525,2.62,4.49,2.75,52.83,19.82
0.0537,2.63,4.54,2.79,54.13,20.39
0.0545,2.63,4.61,2.83,55.82,21.06
0.055,2.62,4.68,2.87,57.43,21.64
0.0551,2.61,4.59,2.82,55.08,20.72
0.0552,2.61,4.50,2.76,52.90,19.87
0.0552,2.60,4.36,2.66,49.43,18.47
0.055,2.60,4.17,2.54,45.27,16.84
0.0547,2.61,4.01,2.45,42.02,15.63
0.0546,2.62,3.98,2.43,41.56,15.50
0.0545,2.63,3.95,2.42,41.14,15.39
0.0546,2.64,3.97,2.43,41.68,15.64
0.0549,2.64,4.11,2.52,44.69,16.79
0.0551,2.63,4.33,2.66,49.43,18.57
0.0541,2.62,4.51,2.77,53.39,20.10
0.0527,2.62,4.65,2.85,56.55,21.27
0.0514,2.62,4.79,2.94,60.08,22.58
0.0474,2.62,4.78,2.93,59.86,22.51
0.0432,2.62,4.73,2.89,58.47,21.90
0.0392,2.61,4.63,2.83,56.08,20.86
0.0372,2.60,4.50,2.74,52.67,19.50
0.0353,2.60,4.37,2.65,49.55,18.26
0.0315,2.60,4.41,2.67,50.49,18.57
0.028,2.60,4.56,2.77,54.03,20.01
0.0248,2.60,4.82,2.94,60.53,22.51
0.022,2.59,5.18,3.15,69.41,25.66
0.0207,2.57,5.33,3.23,73.16,26.89
0.0194,2.55,5.50,3.32,77.35,28.24
0.017,2.55,5.49,3.31,76.72,27.84
0.015,2.55,5.43,3.26,75.26,27.09
0.0144,2.56,5.37,3.22,74.01,26.56
0.0149,2.57,5.29,3.17,72.01,25.93
0.0155,2.58,5.21,3.13,70.08,25.33
0.0177,2.59,5.03,3.04,65.72,24.00
0.0205,2.60,4.89,2.97,62.18,22.88
0.0233,2.61,4.81,2.92,60.36,22.27
0.0266,2.61,4.78,2.90,59.49,21.92
0.0286,2.60,4.74,2.88,58.47,21.62
0.0305,2.60,4.70,2.86,57.48,21.31
0.0352,2.60,4.64,2.83,55.95,20.81
0.0405,2.61,4.59,2.81,54.91,20.55
0.0461,2.62,4.54,2.79,53.94,20.31
0.0516,2.62,4.50,2.76,53.09,20.03
0.0541,2.62,4.47,2.74,52.30,19.71
0.0566,2.62,4.44,2.72,51.45,19.37
0.0607,2.61,4.34,2.65,49.17,18.36
0.0638,2.59,4.25,2.59,46.96,17.39
0.0661,2.58,4.20,2.55,45.50,16.74
0.0671,2.57,4.18,2.53,44.95,16.50
0.0681,2.56,4.16,2.52,44.44,16.27
0.0699,2.56,4.20,2.54,45.11,16.47
0.0719,2.56,4.23,2.55,45.86,16.72
0.074,2.57,4.25,2.56,46.40,16.90
0.076,2.58,4.26,2.57,46.76,17.02
0.0766,2.59,4.22,2.54,46.09,16.79
0.0773,2.61,4.18,2.52,45.45,16.58
0.0775,2.62,4.15,2.51,44.96,16.43
0.0766,2.62,4.14,2.51,44.87,16.45
0.075,2.62,4.14,2.51,44.83,16.45
0.0741,2.62,4.13,2.50,44.65,16.37
0.0733,2.61,4.13,2.50,44.45,16.28
0.0717,2.61,4.15,2.50,44.83,16.35
0.0704,2.60,4.18,2.52,45.41,16.57
0.0694,2.60,4.22,2.56,46.24,16.98
0.0686,2.60,4.26,2.59,47.20,17.46
0.0684,2.60,4.26,2.59,47.05,17.43
0.0681,2.60,4.25,2.59,46.96,17.42
0.0675,2.61,4.21,2.56,46.14,17.16
0.0664,2.61,4.16,2.54,45.25,16.84
0.0651,2.62,4.13,2.52,44.69,16.64
0.0644,2.62,4.16,2.54,45.24,16.86
0.0637,2.63,4.18,2.55,45.86,17.11
0.0627,2.64,4.24,2.59,47.48,17.73
0.0622,2.65,4.30,2.63,48.99,18.30
0.062,2.65,4.34,2.65,49.99,18.66
0.0621,2.64,4.37,2.67,50.54,18.84
0.0621,2.63,4.34,2.65,49.46,18.40
0.0621,2.62,4.30,2.62,48.44,17.99
0.0621,2.61,4.27,2.60,47.60,17.68
0.0619,2.61,4.31,2.63,48.49,18.03
0.0612,2.62,4.33,2.64,49.09,18.29
0.0607,2.63,4.30,2.62,48.57,18.12
0.0603,2.64,4.27,2.61,48.04,17.96
0.0593,2.64,4.25,2.60,47.79,17.85
0.0587,2.64,4.22,2.58,46.97,17.54
0.058,2.63,4.24,2.59,47.31,17.67
0.0574,2.63,4.35,2.66,49.78,18.62
0.0572,2.64,4.44,2.72,51.98,19.49
0.0569,2.65,4.53,2.78,54.42,20.45
0.0567,2.66,4.55,2.80,55.05,20.77
0.0565,2.65,4.54,2.79,54.82,20.67
0.0561,2.65,4.53,2.78,54.39,20.42
0.0555,2.64,4.50,2.76,53.51,20.06
0.0552,2.63,4.45,2.73,52.23,19.58
0.0549,2.63,4.40,2.70,51.06,19.15
0.0547,2.63,4.36,2.67,49.98,18.74
0.0554,2.63,4.27,2.62,48.05,18.00
0.0566,2.62,4.24,2.60,47.17,17.69
0.0573,2.62,4.35,2.66,49.43,18.52
0.0579,2.62,4.46,2.73,51.96,19.46
0.0588,2.62,4.55,2.79,54.29,20.35
0.0592,2.62,4.61,2.82,55.66,20.86
0.059,2.62,4.60,2.81,55.51,20.75
0.058,2.62,4.51,2.75,53.29,19.85
0.0571,2.62,4.40,2.68,50.75,18.89
0.0562,2.62,4.29,2.62,48.24,17.93
0.0539,2.60,4.27,2.60,47.40,17.57
0.0512,2.59,4.29,2.61,47.76,17.69
0.0485,2.59,4.35,2.65,49.04,18.20
0.0473,2.60,4.39,2.67,50.04,18.60
0.0461,2.61,4.43,2.70,51.08,19.00
0.0441,2.61,4.52,2.76,53.24,19.93
0.0428,2.62,4.67,2.87,57.00,21.52
0.043,2.63,4.83,2.98,61.27,23.31
0.0439,2.64,4.98,3.08,65.40,25.01
0.0445,2.65,4.99,3.09,65.94,25.27
0.045,2.66,5.00,3.10,66.44,25.52
0.046,2.66,4.90,3.03,63.93,24.45
0.0475,2.64,4.77,2.95,60.25,22.93
0.0496,2.60,4.63,2.83,55.54,20.85
0.051,2.54,4.55,2.78,52.73,19.65
0.0524,2.51,4.48,2.73,50.48,18.68
0.0559,2.51,4.40,2.66,48.57,17.84
0.0598,2.53,4.34,2.63,47.67,17.50
0.0637,2.56,4.38,2.66,49.08,18.07
0.0678,2.57,4.47,2.71,51.35,18.89
0.0698,2.58,4.48,2.72,51.90,19.07
0.0718,2.59,4.50,2.73,52.40,19.23
0.0754,2.59,4.44,2.68,51.18,18.70
0.0778,2.60,4.35,2.63,49.34,17.97
0.0796,2.61,4.28,2.58,47.72,17.34
0.0808,2.61,4.24,2.56,46.95,17.05
0.0814,2.60,4.26,2.56,47.18,17.08
0.082,2.59,4.27,2.57,47.28,17.07
0.0831,2.57,4.31,2.58,47.72,17.11
0.0844,2.55,4.33,2.58,47.87,17.01
0.0857,2.54,4.33,2.57,47.59,16.78
0.086,2.53,4.38,2.60,48.37,17.02
0.0864,2.54,4.42,2.62,49.51,17.38
0.0868,2.56,4.41,2.61,49.71,17.45
0.0871,2.58,4.37,2.59,49.22,17.34
0.0866,2.59,4.35,2.58,49.02,17.31
0.0855,2.59,4.30,2.55,47.83,16.91
0.0847,2.59,4.27,2.54,47.28,16.76
0.0839,2.59,4.25,2.53,46.74,16.61
0.0821,2.59,4.28,2.56,47.32,16.97
0.0805,2.59,4.29,2.58,47.80,17.27
0.0798,2.61,4.34,2.61,49.07,17.79
0.08,2.62,4.38,2.64,50.31,18.26
0.0802,2.63,4.42,2.67,51.49,18.72
0.0808,2.64,4.44,2.68,51.96,18.87
0.081,2.63,4.43,2.67,51.66,18.73
0.0809,2.62,4.42,2.66,51.19,18.49
0.0806,2.62,4.42,2.65,51.11,18.36
0.0804,2.62,4.42,2.64,51.12,18.34
0.0801,2.61,4.42,2.64,50.96,18.25
0.0794,2.60,4.43,2.65,50.97,18.19
0.0788,2.58,4.45,2.66,51.10,18.25
0.0782,2.56,4.48,2.69,51.54,18.50
0.0781,2.56,4.51,2.71,52.13,18.75
0.0781,2.56,4.54,2.73,52.87,19.05
0.0781,2.57,4.51,2.71,52.20,18.92
0.0779,2.58,4.41,2.67,50.21,18.32
0.0773,2.59,4.30,2.61,47.99,17.62
0.0765,2.61,4.18,2.54,45.65,16.82
0.0761,2.63,4.12,2.50,44.65,16.47
0.0757,2.64,4.06,2.47,43.52,16.08
0.0753,2.63,4.09,2.47,43.94,16.12
0.0754,2.63,4.10,2.48,44.21,16.11
0.0757,2.63,4.12,2.48,44.57,16.21
0.0761,2.62,4.12,2.49,44.62,16.22
0.0766,2.62,4.13,2.49,44.63,16.21
0.0782,2.61,4.10,2.47,43.94,15.89
0.0803,2.61,4.09,2.45,43.67,15.70
0.0823,2.60,4.12,2.46,44.20,15.79
0.0839,2.61,4.14,2.47,44.65,15.89
0.0846,2.62,4.14,2.47,44.74,15.92
0.0852,2.63,4.13,2.46,44.86,15.95
0.0862,2.63,4.14,2.46,45.06,15.98
0.0865,2.63,4.13,2.46,44.79,15.84
0.0863,2.62,4.11,2.44,44.19,15.61
0.0861,2.61,4.10,2.44,43.95,15.54
0.086,2.61,4.10,2.44,43.98,15.55
0.0859,2.61,4.11,2.44,44.02,15.56
0.0857,2.61,4.09,2.43,43.57,15.36
0.0859,2.61,4.10,2.44,43.90,15.49
0.0863,2.61,4.15,2.47,45.02,15.95
0.0864,2.62,4.19,2.50,45.95,16.29
0.0866,2.61,4.23,2.52,46.85,16.61
0.0867,2.61,4.26,2.53,47.35,16.76
0.0871,2.61,4.24,2.52,46.80,16.52
0.0874,2.61,4.20,2.50,46.04,16.24
0.0871,2.61,4.17,2.48,45.49,16.04
0.0868,2.61,4.12,2.45,44.39,15.66
0.0865,2.61,4.07,2.42,43.30,15.29
0.0864,2.61,4.08,2.42,43.40,15.32
0.0864,2.61,4.06,2.41,42.91,15.13
0.0862,2.61,4.00,2.37,41.66,14.66
0.0862,2.61,4.02,2.39,42.23,14.85
0.0861,2.61,4.05,2.40,42.80,15.05
0.086,2.60,4.10,2.43,43.71,15.44
0.086,2.60,4.15,2.47,44.74,15.87
0.087,2.60,4.18,2.49,45.49,16.11
0.089,2.61,4.17,2.47,45.32,15.95
0.0902,2.62,4.13,2.44,44.54,15.61
0.0914,2.63,4.08,2.41,43.80,15.27
0.0941,2.63,3.99,2.34,41.94,14.38
0.0971,2.64,3.95,2.26,41.13,13.47
0.1002,2.64,3.99,2.28,41.93,13.74
0.1017,2.63,3.99,2.29,41.89,13.74
0.1032,2.60,4.00,2.29,41.64,13.67
0.1058,2.56,4.09,2.35,42.91,14.10
0.1081,2.52,3.86,2.21,37.56,12.35
0.1102,2.49,3.81,2.18,36.07,11.87
0.1118,2.48,3.81,2.18,35.90,11.82
0.1126,2.49,3.83,2.20,36.50,12.03
0.1134,2.51,3.86,2.22,37.31,12.31
0.1145,2.53,3.91,2.25,38.75,12.79
0.114,2.55,4.12,2.37,43.37,14.33
0.1115,2.56,4.40,2.53,49.58,16.39
0.1081,2.57,4.57,2.63,53.70,17.77
0.1061,2.59,4.57,2.63,54.08,17.91
0.1041,2.61,4.57,2.63,54.52,18.07
0.0998,2.62,4.52,2.61,53.65,17.79
0.0959,2.63,4.45,2.57,52.06,17.28
0.0928,2.63,4.37,2.52,50.15,16.66
0.0915,2.65,4.21,2.47,46.87,16.13
0.0903,2.67,4.06,2.39,44.07,15.29
0.0881,2.69,3.98,2.36,42.57,14.96
0.0859,2.69,3.99,2.38,42.75,15.19
0.0836,2.67,4.01,2.40,42.91,15.38
0.0808,2.65,4.04,2.43,43.37,15.61
0.0794,2.64,4.08,2.45,44.02,15.87
0.0781,2.63,4.12,2.48,44.76,16.14
0.0764,2.63,4.11,2.47,44.43,16.07
0.0762,2.63,4.14,2.49,45.15,16.35
0.0767,2.64,4.21,2.54,46.80,16.97
0.0769,2.64,4.26,2.57,47.91,17.40
0.0771,2.65,4.30,2.59,48.97,17.81
0.0771,2.65,4.31,2.61,49.05,17.96
0.0768,2.65,4.26,2.58,48.05,17.63
0.0769,2.65,4.17,2.52,46.11,16.83
0.0771,2.64,4.09,2.46,44.23,16.02
0.0772,2.63,4.06,2.44,43.31,15.66
0.0772,2.63,4.02,2.42,42.60,15.38
0.0775,2.65,4.04,2.43,43.18,15.63
0.0783,2.66,4.07,2.45,44.05,15.99
0.0796,2.65,4.10,2.47,44.57,16.13
0.0804,2.64,4.09,2.46,44.18,15.92
0.0812,2.63,4.08,2.45,43.80,15.71
0.0832,2.62,4.09,2.44,43.77,15.58
0.0854,2.61,4.12,2.45,44.26,15.71
0.088,2.60,4.14,2.46,44.56,15.71
0.0911,2.60,4.09,2.42,43.59,15.18
0.0928,2.60,4.03,2.37,42.35,14.64
0.0945,2.61,3.97,2.33,41.23,14.14
0.0976,2.61,3.96,2.29,40.97,13.72
0.1,2.60,3.97,2.26,40.99,13.32
0.1014,2.59,4.05,2.28,42.60,13.46
0.1017,2.59,4.14,2.32,44.34,13.90
0.102,2.59,4.23,2.36,46.29,14.38
0.1022,2.59,4.23,2.35,46.30,14.29
0.1022,2.59,4.18,2.33,45.28,14.01
0.1024,2.59,4.12,2.29,43.87,13.59
0.1026,2.59,4.05,2.25,42.48,13.11
0.1023,2.61,3.92,2.19,40.08,12.46
0.1021,2.63,3.80,2.12,38.00,11.87
0.1006,2.65,3.77,2.14,37.68,12.13
0.0982,2.66,3.78,2.18,38.03,12.62
0.0949,2.66,3.81,2.22,38.47,13.08
0.0914,2.65,3.89,2.29,40.08,13.86
0.0899,2.65,3.97,2.34,41.81,14.55
0.0884,2.65,4.06,2.40,43.72,15.29
0.0859,2.65,4.10,2.43,44.62,15.70
0.0844,2.64,4.13,2.46,45.13,15.97
0.0841,2.64,4.15,2.48,45.44,16.17
0.0842,2.64,4.15,2.48,45.32,16.17
0.0843,2.64,4.14,2.48,45.33,16.21
0.0842,2.65,4.10,2.46,44.57,16.01
0.0839,2.65,4.06,2.43,43.74,15.67
0.0836,2.64,4.01,2.40,42.58,15.20
0.0833,2.63,3.97,2.37,41.56,14.83
0.0831,2.63,3.97,2.37,41.31,14.73
0.083,2.62,3.96,2.36,41.12,14.65
0.0825,2.62,3.98,2.37,41.40,14.75
0.0824,2.61,3.97,2.37,41.04,14.69
0.0826,2.60,3.89,2.33,39.36,14.11
0.0828,2.59,3.86,2.31,38.57,13.82
0.083,2.60,3.82,2.29,37.97,13.60
0.0833,2.61,3.81,2.28,37.98,13.56
0.0832,2.62,3.88,2.32,39.42,14.08
0.0823,2.63,3.99,2.39,41.94,15.08
0.0808,2.64,4.06,2.44,43.61,15.77
0.08,2.64,4.07,2.45,43.68,15.82
0.0793,2.64,4.07,2.45,43.66,15.83
0.0779,2.64,4.01,2.41,42.41,15.35
0.0764,2.64,3.95,2.38,41.12,14.89
0.0747,2.64,3.89,2.34,39.98,14.52
0.074,2.65,3.89,2.35,39.97,14.57
0.0732,2.65,3.88,2.35,39.97,14.63
0.0726,2.66,3.92,2.38,40.84,15.05
0.0731,2.66,3.94,2.40,41.33,15.28
0.0739,2.66,3.94,2.40,41.38,15.29
0.0739,2.66,3.95,2.40,41.60,15.36
0.0736,2.66,3.95,2.40,41.50,15.33
0.0733,2.66,3.94,2.40,41.43,15.31
0.0729,2.66,3.96,2.41,41.78,15.45
0.0732,2.65,3.98,2.41,42.06,15.45
0.074,2.64,3.96,2.39,41.34,15.01
0.0753,2.62,3.90,2.34,39.93,14.42
0.0759,2.62,3.88,2.33,39.53,14.30
0.0765,2.63,3.86,2.32,39.30,14.24
0.0777,2.65,3.88,2.34,39.93,14.50
0.0791,2.66,3.90,2.35,40.47,14.66
0.0802,2.67,3.92,2.36,41.07,14.81
0.0802,2.67,3.87,2.32,39.98,14.42
0.0803,2.68,3.81,2.29,38.95,14.06
0.0792,2.68,3.78,2.27,38.25,13.84
0.0776,2.69,3.77,2.27,38.18,13.87
0.0763,2.69,3.80,2.29,38.81,14.12
0.0755,2.69,3.87,2.33,40.24,14.65
0.0754,2.69,3.93,2.37,41.53,15.12
0.0752,2.69,3.99,2.41,42.88,15.63
0.0752,2.69,4.03,2.44,43.76,16.04
0.0756,2.69,4.07,2.47,44.55,16.39
0.0764,2.67,4.08,2.48,44.51,16.37
0.0768,2.66,4.06,2.46,43.90,16.12
0.0772,2.65,4.04,2.45,43.41,15.92
0.0777,2.65,4.05,2.45,43.52,15.94
0.0778,2.64,4.05,2.45,43.33,15.79
0.078,2.63,4.08,2.45,43.67,15.80
0.0789,2.62,4.11,2.47,44.34,15.93
0.0796,2.62,4.10,2.45,44.03,15.79
0.0804,2.63,4.08,2.44,43.88,15.70
0.0822,2.65,4.08,2.43,43.99,15.65
0.0838,2.66,4.07,2.43,43.93,15.61
0.0851,2.65,4.06,2.42,43.77,15.59
0.0854,2.64,4.04,2.41,43.24,15.39
0.0856,2.63,4.03,2.40,42.74,15.21
0.0856,2.63,3.96,2.36,41.23,14.64
0.0853,2.64,3.89,2.32,40.02,14.17
0.0847,2.65,3.87,2.31,39.76,14.09
0.0837,2.65,3.89,2.32,40.06,14.25
0.0834,2.66,3.93,2.35,41.09,14.65
0.083,2.66,3.98,2.38,42.19,15.08
0.0831,2.66,4.03,2.41,43.27,15.50
0.0835,2.67,4.02,2.41,43.12,15.43
0.0831,2.66,4.01,2.40,42.80,15.29
0.0828,2.65,4.04,2.42,43.27,15.46
0.0825,2.64,4.07,2.43,43.71,15.62
0.0819,2.62,4.15,2.49,45.16,16.24
0.0814,2.62,4.24,2.54,47.03,16.93
0.0807,2.62,4.25,2.55,47.32,16.99
0.0796,2.63,4.18,2.50,45.85,16.45
0.0789,2.65,4.14,2.48,45.44,16.38
0.0781,2.68,4.10,2.47,45.01,16.32
0.0763,2.69,4.06,2.45,44.43,16.19
0.0748,2.69,4.05,2.44,44.06,16.02
0.0742,2.69,4.10,2.47,45.20,16.41
0.0734,2.69,4.13,2.50,45.90,16.81
0.0726,2.70,4.10,2.49,45.35,16.72
0.0717,2.70,4.07,2.48,44.82,16.64
0.0692,2.71,4.09,2.50,45.19,16.92
0.0667,2.71,4.08,2.50,45.12,16.96
0.064,2.70,4.06,2.49,44.55,16.70
0.0627,2.70,4.09,2.50,45.13,16.87
0.0613,2.68,4.12,2.52,45.62,17.00
0.0589,2.67,4.19,2.56,46.92,17.49
0.0572,2.66,4.26,2.61,48.22,18.08
0.0559,2.65,4.37,2.68,50.55,19.08
0.0546,2.65,4.53,2.79,54.39,20.62
0.0539,2.66,4.64,2.86,57.27,21.71
0.0531,2.66,4.76,2.93,60.24,22.84
0.0513,2.65,4.81,2.96,61.40,23.22
0.049,2.63,4.83,2.96,61.53,23.12
0.0474,2.62,4.78,2.93,59.91,22.45
0.0471,2.62,4.74,2.90,58.77,22.06
0.0469,2.63,4.70,2.88,57.97,21.79
0.0473,2.65,4.70,2.89,58.52,22.14
0.0487,2.67,4.71,2.90,59.12,22.48
0.0509,2.68,4.73,2.92,59.95,22.80
0.0533,2.68,4.77,2.94,60.98,23.15
0.0543,2.66,4.72,2.90,59.24,22.42
0.0552,2.65,4.66,2.86,57.55,21.72
0.057,2.64,4.54,2.78,54.35,20.40
0.0589,2.64,4.41,2.70,51.24,19.14
0.0603,2.63,4.27,2.60,47.98,17.84
0.0607,2.62,4.25,2.59,47.27,17.54
0.0611,2.61,4.22,2.57,46.55,17.23
0.0614,2.60,4.20,2.55,46.01,16.97
0.0612,2.60,4.21,2.55,46.02,16.97
0.0607,2.60,4.29,2.61,47.89,17.67
0.0601,2.61,4.36,2.65,49.70,18.38
0.0599,2.62,4.42,2.69,51.17,18.98
0.0596,2.63,4.48,2.73,52.68,19.59
0.059,2.64,4.53,2.78,54.27,20.39
0.058,2.66,4.54,2.80,54.88,20.81
0.0569,2.68,4.52,2.79,54.60,20.77
0.0554,2.69,4.51,2.77,54.64,20.63
0.0544,2.69,4.54,2.78,55.28,20.82
0.0534,2.68,4.56,2.80,55.79,20.96
0.0511,2.67,4.61,2.82,56.75,21.27
0.0494,2.66,4.74,2.90,59.64,22.36
0.0486,2.64,4.86,2.97,62.37,23.27
0.0491,2.62,4.86,2.97,61.89,23.02
0.0495,2.61,4.86,2.96,61.60,22.85
0.0521,2.61,4.81,2.94,60.40,22.53
0.0552,2.62,4.78,2.93,59.94,22.55
0.0577,2.64,4.79,2.94,60.34,22.86
0.0594,2.65,4.77,2.94,60.35,22.93
0.06,2.67,4.66,2.88,57.98,22.08
0.0606,2.68,4.55,2.81,55.60,21.23
0.0618,2.68,4.39,2.69,51.52,19.46
0.0627,2.67,4.20,2.56,47.23,17.54
0.0636,2.66,4.09,2.48,44.54,16.41
0.0642,2.66,4.10,2.49,44.72,16.47
0.0648,2.66,4.11,2.50,44.97,16.56
0.0663,2.66,4.14,2.52,45.67,16.89
0.068,2.67,4.20,2.56,47.21,17.47
0.0699,2.68,4.28,2.59,49.12,18.06
0.0715,2.68,4.31,2.61,49.86,18.28
0.0721,2.67,4.37,2.65,50.96,18.73
0.0727,2.66,4.43,2.69,52.11,19.19
0.0733,2.65,4.55,2.77,54.98,20.33
0.0738,2.65,4.63,2.82,56.88,21.05
0.0744,2.66,4.58,2.79,55.70,20.60
0.0746,2.65,4.46,2.71,52.68,19.45
0.0749,2.64,4.34,2.64,49.88,18.39
0.0753,2.65,4.21,2.55,46.97,17.17
0.076,2.66,4.13,2.49,45.39,16.41
0.0769,2.67,4.15,2.49,45.86,16.49
0.0784,2.67,4.19,2.51,46.87,16.87
0.0793,2.68,4.18,2.51,46.83,16.84
0.0802,2.67,4.18,2.51,46.70,16.78
0.0824,2.66,4.18,2.50,46.47,16.66
0.0844,2.66,4.18,2.49,46.41,16.55
0.0858,2.66,4.14,2.47,45.68,16.21
0.086,2.67,4.13,2.46,45.49,16.10
0.0862,2.68,4.12,2.45,45.33,16.01
0.0865,2.68,4.11,2.44,45.33,15.95
0.0872,2.68,4.10,2.43,44.96,15.77
0.0882,2.66,4.11,2.43,44.96,15.72
0.0889,2.65,4.13,2.44,45.24,15.75
0.0892,2.64,4.12,2.43,44.81,15.58
0.0894,2.64,4.11,2.42,44.51,15.47
0.0901,2.64,4.12,2.43,44.80,15.55
0.0911,2.65,4.15,2.44,45.63,15.72
0.0923,2.66,4.14,2.42,45.53,15.53
0.0929,2.67,4.10,2.39,44.88,15.26
0.0927,2.68,4.07,2.38,44.33,15.12
0.0925,2.68,4.03,2.36,43.68,14.95
0.0912,2.68,4.02,2.36,43.38,14.98
0.0893,2.67,4.06,2.39,43.95,15.28
0.0874,2.66,4.10,2.42,44.63,15.55
0.0864,2.65,4.10,2.43,44.62,15.58
0.0853,2.65,4.11,2.43,44.78,15.66
0.0829,2.66,4.10,2.44,44.68,15.81
0.0806,2.68,4.10,2.45,44.90,16.12
0.0793,2.69,4.15,2.50,46.34,16.82
0.0785,2.71,4.25,2.57,48.82,17.88
0.0781,2.70,4.36,2.63,51.29,18.74
0.0777,2.70,4.47,2.70,53.85,19.65
0.0763,2.68,4.52,2.73,54.66,20.04
0.0742,2.66,4.56,2.76,55.27,20.34
0.0726,2.65,4.57,2.77,55.26,20.36
0.0721,2.64,4.59,2.78,55.49,20.40
0.0716,2.63,4.60,2.79,55.82,20.47
0.0712,2.63,4.60,2.78,55.79,20.32
0.0713,2.64,4.61,2.78,55.95,20.39
0.0715,2.64,4.61,2.79,56.18,20.58
0.0718,2.64,4.58,2.78,55.39,20.36
0.072,2.63,4.57,2.77,55.00,20.20
0.0723,2.63,4.56,2.76,54.60,20.05
0.0726,2.63,4.59,2.78,55.37,20.33
0.0721,2.64,4.62,2.80,56.35,20.69
0.0709,2.65,4.64,2.82,57.13,21.03
0.0702,2.66,4.63,2.81,57.02,21.01
0.0695,2.65,4.63,2.81,56.72,20.91
0.0687,2.64,4.61,2.80,56.24,20.72
0.0685,2.64,4.62,2.80,56.15,20.66
0.0684,2.64,4.64,2.81,56.69,20.89
0.068,2.64,4.68,2.85,58.00,21.46
0.0677,2.65,4.70,2.86,58.46,21.67
0.0674,2.65,4.71,2.87,58.86,21.86
0.067,2.66,4.67,2.85,57.96,21.55
0.0668,2.65,4.64,2.83,57.12,21.17
0.0665,2.64,4.60,2.79,55.88,20.63
0.066,2.63,4.57,2.78,55.03,20.32
0.066,2.63,4.62,2.81,56.20,20.78
0.066,2.64,4.67,2.84,57.56,21.32
0.0665,2.65,4.69,2.86,58.24,21.63
0.0673,2.65,4.64,2.83,57.02,21.13
0.0678,2.64,4.60,2.80,55.89,20.66
0.0678,2.63,4.55,2.77,54.48,20.13
0.0678,2.62,4.51,2.74,53.22,19.66
0.0671,2.62,4.49,2.73,52.89,19.58
0.066,2.62,4.55,2.76,54.12,19.98
0.0653,2.62,4.58,2.78,55.00,20.25
0.065,2.63,4.57,2.78,55.02,20.31
0.0647,2.63,4.58,2.78,55.18,20.38
0.0644,2.62,4.58,2.79,55.13,20.38
0.0634,2.62,4.61,2.80,55.49,20.57
0.062,2.62,4.64,2.83,56.30,20.97
0.0607,2.63,4.69,2.87,57.80,21.60
0.06,2.64,4.66,2.85,57.23,21.41
0.0593,2.64,4.63,2.83,56.51,21.17
0.058,2.63,4.55,2.78,54.61,20.42
0.0569,2.63,4.46,2.73,52.37,19.60
0.056,2.63,4.45,2.73,52.11,19.58
0.0553,2.64,4.53,2.78,54.18,20.43
0.0552,2.65,4.58,2.82,55.72,21.04
0.0552,2.66,4.64,2.85,57.19,21.62
0.0557,2.66,4.71,2.89,58.90,22.18
0.0563,2.65,4.74,2.90,59.49,22.30
0.0565,2.65,4.75,2.91,59.86,22.41
0.0567,2.65,4.82,2.95,61.61,23.07
0.0569,2.65,4.89,2.99,63.42,23.76
0.0571,2.65,4.94,3.02,64.60,24.20
0.0571,2.64,4.91,3.00,63.83,23.85
0.0578,2.63,4.86,2.96,62.19,23.15
0.059,2.63,4.80,2.92,60.49,22.48
0.0597,2.63,4.69,2.86,57.98,21.59
0.0604,2.64,4.59,2.81,55.78,20.80
0.0615,2.65,4.61,2.82,56.36,21.01
0.0623,2.65,4.63,2.83,56.74,21.24
0.0621,2.64,4.65,2.85,57.00,21.44
0.0618,2.63,4.70,2.88,58.17,21.83
0.0614,2.62,4.76,2.91,59.39,22.25
0.0605,2.61,4.69,2.85,57.33,21.24
0.0599,2.60,4.63,2.81,55.67,20.51
0.0602,2.58,4.64,2.82,55.60,20.52
0.0617,2.59,4.67,2.84,56.41,20.90
0.0629,2.60,4.72,2.88,57.97,21.56
0.0641,2.62,4.77,2.92,59.73,22.30
0.0664,2.64,4.86,2.98,62.36,23.38
0.0675,2.65,4.89,2.99,63.42,23.70
0.0673,2.65,4.82,2.94,61.43,22.87
0.0668,2.63,4.75,2.89,59.36,21.94
0.0669,2.60,4.68,2.84,57.04,20.97
0.067,2.58,4.61,2.79,54.91,20.08
0.0678,2.57,4.61,2.78,54.77,19.94
0.0696,2.58,4.71,2.85,57.36,20.95
0.0716,2.60,4.83,2.93,60.67,22.29
0.0721,2.61,4.96,3.00,64.04,23.55
0.0727,2.61,5.08,3.08,67.52,24.86
0.0729,2.62,5.10,3.09,68.16,25.02
0.0722,2.62,5.04,3.05,66.60,24.35
0.0703,2.62,4.94,2.99,63.90,23.36
0.0682,2.60,4.85,2.94,61.26,22.43
0.0673,2.59,4.79,2.90,59.41,21.78
0.0665,2.60,4.73,2.86,58.03,21.30
0.0657,2.62,4.77,2.90,59.50,21.99
0.0656,2.63,4.86,2.96,62.16,23.03
0.0658,2.63,4.91,2.99,63.52,23.57
0.0658,2.63,4.91,2.99,63.30,23.52
0.0659,2.63,4.90,2.99,63.11,23.49
0.0659,2.63,4.87,2.97,62.32,23.20
0.0656,2.63,4.84,2.95,61.52,22.86
0.0649,2.63,4.83,2.94,61.58,22.81
0.0647,2.64,4.85,2.95,62.11,22.96
0.065,2.63,4.80,2.92,60.60,22.39
0.0653,2.62,4.74,2.88,58.93,21.78
0.0665,2.61,4.67,2.83,56.91,20.92
0.0682,2.61,4.65,2.81,56.39,20.67
0.0705,2.63,4.66,2.82,57.07,20.95
0.0715,2.64,4.73,2.87,59.18,21.76
0.0726,2.65,4.81,2.92,61.30,22.57
0.0741,2.66,4.83,2.93,61.83,22.74
0.075,2.65,4.77,2.89,60.44,22.20
0.0748,2.64,4.70,2.84,58.43,21.35
0.0738,2.62,4.63,2.79,56.33,20.47
0.0732,2.60,4.60,2.77,55.18,20.02
0.0725,2.59,4.58,2.75,54.25,19.65
0.0718,2.59,4.54,2.74,53.58,19.47
0.0721,2.61,4.51,2.72,53.02,19.34
0.073,2.63,4.52,2.73,53.69,19.67
0.0737,2.65,4.56,2.76,54.94,20.23
0.0736,2.66,4.63,2.81,56.97,21.01
0.0735,2.65,4.71,2.86,58.91,21.75
0.0725,2.64,4.77,2.90,60.18,22.25
0.0709,2.63,4.76,2.89,59.40,21.94
0.0694,2.61,4.72,2.86,58.13,21.39
0.069,2.59,4.70,2.85,57.21,21.01
0.0686,2.59,4.67,2.83,56.47,20.70
0.0684,2.59,4.65,2.82,56.07,20.57
0.0688,2.60,4.67,2.83,56.67,20.86
0.0691,2.62,4.64,2.82,56.45,20.81
0.0694,2.63,4.51,2.74,53.45,19.73
0.0695,2.64,4.44,2.70,51.98,19.20
0.0695,2.64,4.37,2.66,50.41,18.64
0.0693,2.63,4.34,2.63,49.52,18.27
0.0687,2.63,4.34,2.63,49.45,18.18
0.0684,2.62,4.43,2.69,51.47,18.95
0.0683,2.62,4.50,2.73,52.99,19.54
0.0682,2.63,4.56,2.77,54.69,20.21
0.0678,2.63,4.64,2.82,56.62,20.97
0.0671,2.64,4.68,2.85,57.60,21.33
0.0659,2.63,4.68,2.85,57.68,21.36
0.0651,2.62,4.69,2.85,57.60,21.32
0.0649,2.60,4.66,2.83,56.60,20.92
0.0647,2.59,4.63,2.81,55.69,20.55
0.0653,2.59,4.60,2.80,54.83,20.27
0.0667,2.60,4.62,2.82,55.59,20.64
0.068,2.62,4.65,2.84,56.67,21.12
0.0684,2.65,4.61,2.82,56.41,21.04
0.0689,2.67,4.57,2.79,55.93,20.88
0.0696,2.67,4.47,2.72,53.36,19.84
0.0702,2.66,4.30,2.62,49.20,18.19
0.071,2.64,4.17,2.52,45.97,16.82
0.0725,2.64,4.09,2.47,44.19,16.08
0.0736,2.64,4.11,2.48,44.48,16.18
0.0747,2.65,4.12,2.48,44.88,16.31
0.0771,2.66,4.20,2.53,46.90,17.03
0.0796,2.67,4.25,2.56,48.20,17.46
0.0813,2.67,4.29,2.57,49.11,17.71
0.0818,2.66,4.29,2.57,49.03,17.64
0.0823,2.64,4.30,2.57,48.72,17.49
0.0826,2.62,4.27,2.55,47.85,17.08
0.0824,2.61,4.26,2.54,47.41,16.88
0.0823,2.62,4.22,2.52,46.73,16.68
0.0825,2.64,4.16,2.49,45.65,16.34
0.0826,2.65,4.13,2.47,45.28,16.22
0.0828,2.65,4.10,2.46,44.67,16.01
0.0833,2.64,4.10,2.45,44.46,15.90
0.0831,2.63,4.15,2.48,45.22,16.18
0.0816,2.62,4.25,2.55,47.42,17.03
0.0792,2.62,4.34,2.61,49.38,17.82
0.0778,2.62,4.39,2.64,50.56,18.29
0.0765,2.62,4.44,2.68,51.74,18.76
0.0739,2.61,4.44,2.68,51.58,18.77
0.0716,2.60,4.42,2.67,50.85,18.56
0.0692,2.60,4.45,2.69,51.46,18.87
0.0678,2.61,4.54,2.75,53.76,19.79
0.0665,2.63,4.63,2.82,56.40,20.85
0.0637,2.65,4.73,2.88,59.27,22.00
0.0613,2.66,4.75,2.90,60.10,22.38
0.0595,2.66,4.72,2.88,59.26,22.12
0.0579,2.66,4.70,2.87,58.65,21.87
0.0571,2.66,4.66,2.84,57.76,21.48
0.0562,2.67,4.63,2.82,57.04,21.16
0.0548,2.68,4.58,2.79,56.28,20.84
0.0547,2.69,4.55,2.76,55.72,20.57
0.056,2.70,4.51,2.75,54.98,20.44
0.057,2.70,4.49,2.74,54.42,20.25
0.0579,2.69,4.47,2.72,53.71,20.00
0.0597,2.68,4.56,2.78,55.73,20.68
0.0613,2.67,4.63,2.82,57.32,21.30
0.0635,2.66,4.59,2.80,56.17,20.85
0.0667,2.65,4.54,2.76,54.49,20.13
0.0686,2.63,4.42,2.68,51.42,18.92
0.0705,2.61,4.31,2.61,48.64,17.81
0.0737,2.61,4.21,2.54,46.24,16.86
0.0756,2.62,4.16,2.51,45.37,16.56
0.0762,2.64,4.12,2.49,44.74,16.35
0.0762,2.64,4.13,2.49,45.02,16.43
0.0763,2.64,4.13,2.49,45.01,16.39
0.0758,2.62,4.14,2.49,44.91,16.21
0.0744,2.60,4.15,2.49,44.80,16.12
0.0722,2.60,4.18,2.51,45.34,16.41
0.07,2.60,4.22,2.55,46.27,16.92
0.0691,2.61,4.27,2.59,47.57,17.47
0.0683,2.63,4.32,2.63,49.10,18.12
0.0666,2.65,4.40,2.68,51.35,19.02
0.0644,2.68,4.52,2.75,54.74,20.18
0.0613,2.70,4.64,2.80,57.92,21.11
0.0585,2.70,4.67,2.82,58.93,21.40
0.0575,2.69,4.66,2.82,58.51,21.44
0.0565,2.67,4.65,2.83,57.89,21.40
0.0558,2.65,4.62,2.81,56.55,21.02
0.0562,2.65,4.62,2.82,56.56,21.11
0.0571,2.66,4.67,2.85,58.01,21.67
0.0578,2.68,4.65,2.84,57.99,21.66
0.0584,2.69,4.64,2.83,57.75,21.57
0.0601,2.68,4.55,2.77,55.31,20.57
0.0621,2.65,4.41,2.69,51.61,19.15
0.0642,2.63,4.33,2.63,49.23,18.19
0.0664,2.62,4.34,2.63,49.23,18.14
0.0674,2.62,4.41,2.68,50.94,18.77
0.0685,2.63,4.48,2.72,52.85,19.48
0.0706,2.64,4.52,2.74,53.80,19.82
0.0725,2.64,4.55,2.76,54.63,20.06
0.0736,2.64,4.53,2.74,54.33,19.86
0.0739,2.65,4.45,2.69,52.49,19.16
0.0742,2.65,4.37,2.64,50.62,18.46
0.0744,2.64,4.36,2.63,50.03,18.19
0.0742,2.63,4.34,2.62,49.44,18.00
0.0738,2.63,4.36,2.63,50.16,18.24
0.0735,2.65,4.44,2.68,52.26,18.98
0.0734,2.66,4.48,2.70,53.51,19.42
0.0733,2.67,4.52,2.72,54.61,19.80
0.0733,2.66,4.50,2.71,53.85,19.50
0.0737,2.65,4.37,2.64,50.80,18.45
0.0745,2.65,4.28,2.59,48.46,17.72
0.0749,2.65,4.28,2.59,48.51,17.77
0.0753,2.66,4.28,2.59,48.69,17.86
0.0759,2.67,4.31,2.61,49.57,18.13
0.0763,2.66,4.39,2.65,51.28,18.67
0.0769,2.65,4.40,2.65,51.25,18.60
0.0777,2.63,4.34,2.61,49.68,17.91
0.0781,2.62,4.31,2.59,48.73,17.52
0.0786,2.62,4.28,2.56,47.99,17.20
0.0796,2.62,4.30,2.57,48.59,17.38
0.0806,2.63,4.34,2.60,49.68,17.81
0.0817,2.64,4.32,2.59,49.18,17.66
0.0823,2.64,4.26,2.55,47.79,17.14
0.0828,2.63,4.20,2.51,46.36,16.61
0.0836,2.62,4.11,2.45,44.24,15.78
0.0835,2.63,4.03,2.41,42.69,15.19
0.0827,2.63,4.07,2.43,43.67,15.59
0.0818,2.64,4.17,2.50,45.95,16.49
0.0814,2.64,4.20,2.52,46.73,16.79
0.0809,2.64,4.24,2.54,47.46,17.08
0.08,2.65,4.22,2.53,47.20,16.97
0.079,2.65,4.14,2.49,45.50,16.39
0.0779,2.65,4.04,2.43,43.21,15.65
0.0767,2.65,4.02,2.42,42.82,15.57
0.076,2.64,4.10,2.48,44.51,16.20
0.0754,2.65,4.19,2.53,46.41,16.91
0.0744,2.65,4.29,2.60,48.81,17.87
0.0733,2.66,4.31,2.62,49.47,18.20
0.072,2.66,4.29,2.60,48.83,18.02
0.0713,2.65,4.29,2.61,48.77,17.99
0.0706,2.65,4.29,2.61,48.75,17.98
0.0695,2.64,4.29,2.61,48.65,17.93
0.069,2.63,4.41,2.68,51.21,18.93
0.0688,2.62,4.52,2.75,53.64,19.86
0.0689,2.61,4.49,2.73,52.63,19.47
0.0691,2.62,4.41,2.68,50.82,18.80
0.0693,2.63,4.33,2.63,49.30,18.24
0.0697,2.65,4.23,2.57,47.35,17.43
0.0698,2.64,4.15,2.52,45.51,16.73
0.0701,2.63,4.14,2.51,45.23,16.63
0.0702,2.62,4.21,2.55,46.47,17.06
0.0703,2.62,4.28,2.59,47.91,17.56
0.0707,2.63,4.28,2.59,48.20,17.68
0.071,2.64,4.27,2.59,48.02,17.64
0.0716,2.64,4.27,2.59,48.09,17.68
0.0724,2.64,4.26,2.58,47.89,17.60
0.0727,2.62,4.29,2.60,48.26,17.71
0.0729,2.61,4.32,2.61,48.69,17.84
0.0731,2.61,4.25,2.58,47.19,17.32
0.0731,2.61,4.14,2.51,44.89,16.50
0.073,2.62,4.10,2.48,44.00,16.16
0.0727,2.62,4.09,2.48,43.85,16.11
0.0725,2.63,4.08,2.47,43.72,16.06
0.0716,2.63,4.21,2.55,46.67,17.11
0.07,2.64,4.35,2.64,49.91,18.32
0.0681,2.64,4.36,2.64,50.17,18.46
0.0666,2.64,4.33,2.63,49.67,18.28
0.0662,2.65,4.32,2.62,49.40,18.18
0.0658,2.65,4.30,2.61,49.18,18.10
0.0653,2.66,4.32,2.62,49.52,18.31
0.0648,2.66,4.40,2.68,51.49,19.14
0.0639,2.67,4.48,2.74,53.52,19.98
0.0635,2.67,4.50,2.75,54.02,20.14
0.0631,2.67,4.51,2.75,54.32,20.23
0.0621,2.65,4.44,2.71,52.18,19.42
0.0607,2.63,4.41,2.69,51.14,18.98
0.0589,2.62,4.42,2.69,51.35,19.01
0.0572,2.63,4.40,2.68,50.90,18.83
0.0566,2.64,4.46,2.72,52.52,19.45
0.0559,2.64,4.53,2.76,54.05,20.02
0.0549,2.63,4.54,2.76,54.20,20.10
0.0545,2.63,4.44,2.71,51.82,19.27
0.0545,2.64,4.38,2.67,50.55,18.88
0.0543,2.65,4.36,2.67,50.50,18.91
0.054,2.66,4.42,2.70,52.02,19.39
0.0537,2.67,4.48,2.73,53.48,19.85
0.0529,2.67,4.65,2.83,57.74,21.44
0.0521,2.67,4.82,2.95,61.98,23.20
0.0515,2.66,4.86,2.97,62.85,23.48
0.0514,2.64,4.78,2.92,60.42,22.56
0.0514,2.63,4.71,2.88,58.16,21.72
0.0523,2.62,4.65,2.84,56.83,21.18
0.054,2.63,4.64,2.83,56.71,21.10
0.0566,2.65,4.66,2.84,57.60,21.39
0.0598,2.66,4.63,2.82,56.96,21.18
0.0616,2.65,4.53,2.77,54.47,20.29
0.0633,2.64,4.44,2.71,51.97,19.40
0.0667,2.63,4.38,2.67,50.42,18.72
0.0695,2.63,4.31,2.62,48.88,17.99
0.0717,2.63,4.32,2.61,49.01,17.90
0.0726,2.63,4.31,2.60,48.92,17.84
0.0734,2.63,4.31,2.60,48.80,17.77
0.0749,2.63,4.24,2.56,47.29,17.16
0.0763,2.62,4.21,2.53,46.41,16.77
0.0775,2.62,4.16,2.49,45.25,16.29
0.0781,2.62,4.13,2.48,44.72,16.07
0.0782,2.62,4.19,2.51,45.88,16.49
0.0783,2.62,4.24,2.54,47.11,16.95
0.0785,2.63,4.31,2.59,48.78,17.63
0.0785,2.63,4.39,2.65,50.66,18.41
0.078,2.63,4.45,2.68,51.94,18.92
0.0775,2.63,4.46,2.69,52.11,19.00
0.0771,2.63,4.46,2.70,52.33,19.10
0.0763,2.63,4.46,2.70,52.45,19.21
0.0756,2.64,4.44,2.69,52.09,19.08
0.0754,2.65,4.41,2.66,51.43,18.77
0.0757,2.66,4.36,2.63,50.47,18.36
0.0761,2.67,4.27,2.58,48.64,17.73
0.0765,2.69,4.18,2.53,46.89,17.14
0.0773,2.69,4.10,2.48,45.23,16.53
0.078,2.68,4.04,2.43,43.58,15.86
0.0783,2.65,3.99,2.40,42.26,15.31
0.0783,2.63,3.99,2.40,41.91,15.16
0.078,2.62,4.03,2.42,42.39,15.32
0.0777,2.62,4.06,2.44,43.11,15.57
0.0769,2.62,4.09,2.46,43.79,15.85
0.0764,2.63,4.13,2.49,44.82,16.25
0.0758,2.63,4.19,2.52,46.13,16.76
0.0754,2.64,4.25,2.57,47.76,17.41
0.075,2.66,4.32,2.61,49.56,18.11
0.0742,2.67,4.38,2.65,51.15,18.78
0.0737,2.67,4.38,2.65,51.21,18.84
0.0734,2.67,4.32,2.62,49.94,18.39
0.0733,2.67,4.27,2.59,48.55,17.89
0.0732,2.66,4.24,2.57,47.87,17.60
0.0732,2.67,4.21,2.55,47.29,17.34
0.0731,2.67,4.21,2.55,47.28,17.34
0.0732,2.67,4.20,2.54,47.12,17.25
0.0733,2.67,4.19,2.54,46.88,17.15
0.0734,2.66,4.17,2.52,46.28,16.90
0.0736,2.65,4.15,2.51,45.68,16.64
0.0739,2.64,4.14,2.50,45.30,16.49
0.0742,2.64,4.15,2.50,45.54,16.57
0.075,2.65,4.16,2.51,45.86,16.70
0.0759,2.66,4.18,2.52,46.40,16.88
0.0762,2.67,4.23,2.55,47.66,17.34
0.0765,2.67,4.28,2.58,48.90,17.78
0.0767,2.66,4.27,2.57,48.50,17.66
0.0764,2.66,4.24,2.56,47.75,17.47
0.0761,2.65,4.21,2.55,47.06,17.23
0.0759,2.65,4.20,2.54,46.57,17.02
0.0757,2.63,4.18,2.53,46.08,16.81
0.0756,2.63,4.20,2.54,46.50,16.92
0.076,2.63,4.19,2.53,46.35,16.87
0.0765,2.64,4.16,2.51,45.76,16.64
0.0767,2.65,4.14,2.50,45.48,16.52
0.0768,2.66,4.13,2.49,45.37,16.48
0.0768,2.65,4.12,2.48,45.11,16.38
0.0769,2.64,4.11,2.48,44.57,16.20
0.076,2.63,4.09,2.47,44.11,16.03
0.0743,2.63,4.07,2.45,43.47,15.81
0.0731,2.63,4.04,2.44,42.96,15.67
0.072,2.64,4.02,2.43,42.52,15.54
0.0694,2.64,4.07,2.46,43.62,16.03
0.0663,2.64,4.13,2.51,45.01,16.60
0.0626,2.63,4.18,2.54,45.98,17.02
0.0583,2.64,4.24,2.59,47.33,17.65
0.056,2.64,4.32,2.64,49.40,18.45
0.0537,2.65,4.41,2.70,51.60,19.30
0.049,2.65,4.48,2.75,53.35,20.04
0.0446,2.66,4.60,2.81,56.08,21.03
0.041,2.66,4.70,2.87,58.91,21.98
0.0382,2.67,4.75,2.89,60.24,22.27
0.0372,2.68,4.80,2.91,61.75,22.73
0.0362,2.67,4.86,2.94,63.11,23.12
0.0353,2.67,4.99,3.03,66.50,24.46
0.0354,2.66,5.11,3.11,69.56,25.79
0.0359,2.66,5.17,3.16,71.09,26.54
0.0363,2.66,5.13,3.14,69.86,26.14
0.0367,2.66,5.08,3.11,68.70,25.78
0.0381,2.66,4.81,2.94,61.55,22.99
0.0405,2.66,4.53,2.76,54.63,20.31
0.0439,2.66,4.40,2.68,51.38,19.08
0.0477,2.65,4.36,2.66,50.31,18.72
0.0496,2.65,4.40,2.69,51.39,19.13
0.0516,2.66,4.45,2.72,52.67,19.61
0.0554,2.66,4.59,2.80,56.06,20.87
0.059,2.67,4.60,2.80,56.33,20.94
0.0624,2.66,4.50,2.74,53.86,20.02
0.0639,2.65,4.45,2.71,52.47,19.50
0.0655,2.64,4.40,2.68,51.12,18.98
0.0685,2.63,4.36,2.65,49.98,18.46
0.0713,2.62,4.31,2.62,48.82,17.97
0.0734,2.62,4.27,2.59,47.88,17.57
0.0749,2.63,4.24,2.56,47.32,17.28
0.0755,2.64,4.12,2.49,44.75,16.31
0.0761,2.63,4.01,2.42,42.19,15.36
0.0769,2.62,3.93,2.37,40.47,14.65
0.0771,2.62,3.98,2.38,41.33,14.87
0.0768,2.62,4.02,2.41,42.36,15.26
0.0766,2.64,4.13,2.48,44.98,16.25
0.0764,2.64,4.25,2.56,47.76,17.31
0.076,2.65,4.32,2.61,49.39,18.04
0.0753,2.65,4.25,2.57,47.91,17.57
0.074,2.66,4.19,2.54,46.58,17.13
0.0722,2.67,4.18,2.54,46.59,17.19
0.0711,2.69,4.20,2.55,47.42,17.49
0.07,2.69,4.23,2.57,48.13,17.75
0.0675,2.69,4.28,2.61,49.40,18.27
0.0651,2.68,4.34,2.65,50.58,18.79
0.0631,2.68,4.35,2.66,50.86,18.98
0.0615,2.69,4.35,2.66,50.90,19.06
0.0608,2.69,4.35,2.67,51.03,19.12
0.06,2.69,4.36,2.67,51.04,19.14
0.0589,2.68,4.28,2.62,49.08,18.39
0.0583,2.67,4.19,2.57,46.88,17.63
0.0581,2.66,4.21,2.59,47.14,17.84
0.0582,2.64,4.31,2.65,49.08,18.52
0.0582,2.63,4.41,2.71,51.16,19.27
0.0588,2.62,4.49,2.75,52.82,19.88
0.0597,2.62,4.55,2.79,54.33,20.40
0.0605,2.63,4.52,2.77,53.77,20.15
0.0614,2.63,4.46,2.73,52.37,19.58
0.062,2.64,4.39,2.69,50.88,19.00
0.0627,2.63,4.33,2.65,49.39,18.43
0.0648,2.63,4.27,2.60,48.00,17.82
0.0671,2.63,4.20,2.55,46.45,17.14
0.069,2.63,4.10,2.49,44.33,16.30
0.0698,2.64,4.07,2.47,43.77,16.09
0.0706,2.65,4.04,2.45,43.22,15.89
0.0722,2.65,4.03,2.44,43.11,15.81
0.0738,2.65,4.01,2.43,42.65,15.60
0.075,2.64,4.04,2.44,43.14,15.72
0.0755,2.65,4.09,2.47,44.29,16.12
0.0755,2.65,4.12,2.49,45.06,16.44
0.0755,2.67,4.15,2.51,45.92,16.80
0.0755,2.68,4.13,2.50,45.65,16.73
0.0757,2.68,4.09,2.47,44.78,16.36
0.076,2.67,4.05,2.44,43.81,15.97
0.0761,2.67,4.07,2.46,44.14,16.08
0.0762,2.66,4.09,2.47,44.50,16.20
0.0763,2.66,4.18,2.53,46.44,16.96
0.0765,2.66,4.26,2.57,48.24,17.61
0.0773,2.65,4.35,2.62,50.13,18.24
0.0782,2.64,4.41,2.65,51.38,18.63
0.0785,2.63,4.40,2.65,51.09,18.50
0.0788,2.63,4.40,2.65,50.90,18.40
0.0794,2.63,4.37,2.63,50.25,18.15
0.0801,2.63,4.31,2.59,48.87,17.63
0.0811,2.63,4.25,2.55,47.52,17.07
0.0816,2.62,4.26,2.55,47.44,17.01
0.0822,2.62,4.26,2.55,47.39,16.95
0.0832,2.61,4.26,2.55,47.42,16.94
0.0843,2.62,4.25,2.54,47.32,16.86
0.0855,2.62,4.26,2.54,47.58,16.88
0.0866,2.62,4.28,2.54,47.89,16.93
0.0871,2.62,4.23,2.51,46.88,16.56
0.0876,2.62,4.18,2.48,45.83,16.16
0.0881,2.62,4.13,2.45,44.55,15.66
0.0879,2.61,4.08,2.42,43.54,15.29
0.0862,2.62,4.02,2.39,42.37,14.92
0.0831,2.63,4.02,2.39,42.33,14.98
0.0811,2.63,4.06,2.42,43.35,15.41
0.0792,2.62,4.11,2.45,44.19,15.77
0.075,2.60,4.11,2.47,44.01,15.86
0.0711,2.59,4.16,2.51,44.91,16.29
0.0675,2.60,4.29,2.60,47.76,17.48
0.0658,2.61,4.47,2.72,52.34,19.27
0.0641,2.63,4.68,2.85,57.59,21.33
0.0605,2.65,4.88,2.99,62.89,23.60
0.0569,2.65,5.01,3.08,66.62,25.22
0.0539,2.66,5.00,3.08,66.46,25.24
0.0513,2.67,4.89,3.01,63.89,24.21
0.0502,2.67,4.79,2.95,61.36,23.24
0.0491,2.66,4.70,2.89,58.87,22.28
0.0472,2.66,4.66,2.86,57.74,21.75
0.047,2.65,4.67,2.86,57.86,21.76
0.0483,2.65,4.70,2.88,58.55,22.00
0.0493,2.64,4.74,2.90,59.28,22.23
0.0503,2.62,4.78,2.93,59.91,22.43
0.0523,2.60,4.78,2.92,59.43,22.16
0.0531,2.60,4.73,2.89,58.17,21.69
0.0524,2.61,4.69,2.87,57.56,21.51
0.051,2.63,4.66,2.85,57.01,21.32
0.0501,2.63,4.60,2.81,55.65,20.80
0.0492,2.63,4.54,2.77,54.09,20.20
0.0471,2.62,4.53,2.77,53.84,20.05
0.0444,2.63,4.52,2.76,53.72,20.07
0.0415,2.64,4.51,2.77,53.72,20.27
0.0402,2.65,4.60,2.82,56.15,21.13
0.0389,2.65,4.69,2.88,58.50,21.96
0.0365,2.65,4.85,2.97,62.33,23.32
0.0342,2.65,5.02,3.06,66.82,24.83
0.0316,2.66,5.19,3.16,71.55,26.56
0.0291,2.67,5.28,3.21,74.53,27.51
0.0282,2.68,5.24,3.18,73.44,27.15
0.0273,2.67,5.19,3.16,72.03,26.66
0.0268,2.66,5.14,3.13,70.27,26.02
0.0273,2.66,5.15,3.14,70.56,26.22
0.0283,2.66,5.20,3.18,71.99,26.90
0.0292,2.66,5.22,3.20,72.44,27.18
0.0296,2.65,5.11,3.13,69.22,25.99
0.0299,2.65,5.00,3.06,66.20,24.88
0.0304,2.65,4.88,2.99,63.07,23.65
0.0307,2.65,4.80,2.94,61.15,22.87
0.0306,2.65,4.77,2.91,60.26,22.40
0.0304,2.65,4.87,2.96,62.81,23.29
0.0302,2.65,4.97,3.03,65.48,24.23
0.0297,2.64,5.08,3.09,68.16,25.31
0.0291,2.65,5.13,3.13,69.82,26.01
0.0283,2.66,5.17,3.15,70.84,26.40
0.027,2.66,5.16,3.15,70.59,26.29
0.0261,2.65,5.18,3.16,70.93,26.37
0.0252,2.64,5.20,3.17,71.25,26.45
0.0231,2.64,5.24,3.19,72.46,26.80
0.0211,2.64,5.29,3.21,74.07,27.24
0.0195,2.65,5.33,3.22,75.14,27.49
0.0189,2.66,5.32,3.21,75.04,27.41
0.0183,2.66,5.31,3.20,74.94,27.33
0.0172,2.67,5.34,3.22,76.12,27.70
0.016,2.67,5.41,3.26,78.16,28.34
0.0146,2.68,5.47,3.29,80.14,28.93
0.0134,2.68,5.41,3.24,78.32,28.17
0.013,2.66,5.31,3.18,75.08,26.94
0.0125,2.65,5.21,3.12,71.83,25.69
0.0121,2.63,5.18,3.09,70.71,25.15
0.0124,2.63,5.17,3.08,70.48,25.02
0.0134,2.65,5.27,3.15,73.63,26.22
0.0142,2.67,5.33,3.19,75.67,27.13
0.0151,2.68,5.39,3.24,77.62,28.01
0.0172,2.68,5.29,3.19,74.90,27.27
0.0192,2.68,5.16,3.11,71.34,25.87
0.0204,2.67,4.99,3.00,66.62,23.96
0.0209,2.66,4.77,2.88,60.38,22.01
0.021,2.65,4.62,2.80,56.44,20.77
0.0211,2.65,4.48,2.73,53.01,19.70
0.0212,2.65,4.47,2.72,52.93,19.56
0.0214,2.65,4.53,2.75,54.40,20.04
0.0215,2.65,4.72,2.87,59.01,21.79
0.0214,2.64,4.91,2.97,63.65,23.38
0.0214,2.64,5.11,3.09,68.87,25.19
0.0209,2.64,5.19,3.14,70.93,26.06
0.02,2.63,5.28,3.21,73.30,27.03
0.0188,2.61,5.28,3.20,72.80,26.73
0.0173,2.60,5.39,3.25,75.60,27.56
0.0166,2.60,5.39,3.25,75.55,27.48
0.0159,2.60,5.39,3.25,75.62,27.45
0.0153,2.60,5.39,3.24,75.53,27.35
0.0155,2.59,5.28,3.18,72.33,26.14
0.0163,2.58,4.90,2.95,62.06,22.45
0.0176,2.58,4.82,2.90,59.93,21.73
0.0184,2.60,4.82,2.91,60.28,22.04
0.0192,2.62,4.82,2.92,60.75,22.38
0.021,2.64,4.73,2.88,59.02,21.78
0.0231,2.64,4.73,2.88,59.21,21.96
0.0252,2.64,4.73,2.89,59.22,22.02
0.0262,2.64,4.84,2.95,61.86,23.02
0.0273,2.64,4.95,3.02,64.67,24.09
0.0292,2.63,5.03,3.08,66.67,24.92
0.0308,2.63,5.07,3.10,67.50,25.25
0.0322,2.62,5.06,3.09,67.18,25.13
0.0332,2.63,5.03,3.08,66.58,24.95
0.0335,2.64,4.96,3.04,65.08,24.43
0.0338,2.64,4.90,3.00,63.38,23.83
0.0343,2.63,4.84,2.96,61.61,23.12
0.0348,2.62,4.77,2.92,59.71,22.39
0.0356,2.63,4.71,2.88,58.21,21.86
0.036,2.63,4.73,2.90,58.88,22.13
0.0364,2.63,4.75,2.91,59.47,22.36
0.0372,2.63,4.77,2.93,59.93,22.52
0.038,2.62,4.74,2.91,59.04,22.18
0.0387,2.62,4.72,2.89,58.37,21.92
0.0394,2.62,4.72,2.89,58.47,21.95
0.0398,2.63,4.71,2.89,58.34,21.94
0.0402,2.63,4.71,2.89,58.25,21.94
0.041,2.64,4.74,2.91,59.32,22.36
0.0419,2.65,4.77,2.93,60.31,22.76
0.0429,2.67,4.70,2.89,59.04,22.35
0.0435,2.68,4.65,2.86,57.99,21.98
0.0442,2.68,4.60,2.84,56.76,21.55
0.0457,2.67,4.61,2.84,56.95,21.60
0.0471,2.67,4.62,2.84,57.03,21.63
0.0487,2.68,4.65,2.86,57.95,21.97
0.0502,2.69,4.69,2.88,59.26,22.41
0.0506,2.70,4.63,2.85,57.86,21.95
0.0509,2.70,4.57,2.82,56.37,21.45
0.0509,2.70,4.51,2.78,55.04,20.88
0.0505,2.70,4.51,2.77,54.79,20.69
0.0503,2.69,4.50,2.76,54.45,20.47
0.0508,2.67,4.51,2.76,54.42,20.44
0.051,2.66,4.55,2.78,54.89,20.55
0.0513,2.65,4.58,2.80,55.60,20.74
0.0517,2.66,4.64,2.84,57.14,21.47
0.052,2.68,4.69,2.89,59.07,22.37
0.052,2.70,4.73,2.91,60.59,22.88
0.052,2.71,4.74,2.91,60.87,22.96
0.0519,2.71,4.74,2.91,60.81,22.92
0.0519,2.70,4.65,2.85,58.40,21.98
0.0518,2.70,4.57,2.81,56.18,21.25
0.0514,2.70,4.53,2.79,55.33,20.97
0.0511,2.71,4.50,2.77,54.80,20.72
0.0512,2.71,4.48,2.76,54.52,20.62
0.0512,2.71,4.47,2.75,54.11,20.48
0.0514,2.70,4.47,2.75,54.02,20.45
0.0511,2.69,4.47,2.74,53.76,20.29
0.0504,2.69,4.48,2.75,54.04,20.37
0.0501,2.69,4.51,2.77,54.64,20.58
0.0497,2.68,4.54,2.78,55.23,20.79
0.049,2.68,4.58,2.81,56.09,21.20
0.0482,2.67,4.65,2.86,57.69,21.79
0.0468,2.67,4.71,2.89,59.14,22.30
0.045,2.66,4.76,2.92,60.28,22.69
0.044,2.65,4.79,2.94,60.89,22.91
0.043,2.64,4.83,2.96,61.55,23.15
0.0408,2.64,4.77,2.92,60.06,22.55
0.0385,2.65,4.73,2.89,59.18,22.17
0.0365,2.66,4.74,2.90,59.63,22.31
0.0357,2.67,4.78,2.92,60.97,22.78
0.0349,2.67,4.83,2.95,62.24,23.22
0.0339,2.67,4.91,3.00,64.33,23.98
0.0333,2.67,4.97,3.03,66.00,24.54
0.0321,2.67,4.99,3.04,66.36,24.64
0.0304,2.66,5.00,3.05,66.47,24.72
0.0294,2.66,5.02,3.06,67.02,24.87
0.0284,2.65,5.05,3.07,67.55,25.01
0.0264,2.65,5.04,3.06,67.38,24.89
0.0248,2.65,5.05,3.06,67.75,24.91
0.0233,2.67,5.03,3.04,67.52,24.71
0.0226,2.68,4.98,3.01,66.60,24.34
0.0219,2.69,4.94,2.98,65.59,23.95
0.0207,2.69,5.00,3.02,67.18,24.48
0.0199,2.69,5.06,3.05,69.05,25.12
0.0197,2.69,5.12,3.09,70.58,25.68
0.02,2.69,5.20,3.14,72.65,26.50
0.0201,2.69,5.23,3.15,73.39,26.75
0.0203,2.68,5.26,3.17,74.09,26.99
0.0205,2.68,5.29,3.19,75.04,27.30
0.0208,2.67,5.33,3.21,75.93,27.62
0.0214,2.67,5.30,3.20,75.06,27.33
0.0221,2.67,5.25,3.17,73.78,26.86
0.0225,2.67,5.17,3.12,71.24,26.03
0.0229,2.67,5.08,3.08,68.81,25.24
0.0237,2.66,4.98,3.01,66.06,24.15
0.025,2.66,4.93,2.98,64.60,23.66
0.0268,2.65,4.92,2.99,64.16,23.63
0.028,2.64,4.97,3.02,65.09,23.98
0.0292,2.63,5.02,3.04,66.28,24.42
0.0316,2.65,5.10,3.10,68.81,25.49
0.0337,2.67,5.12,3.13,69.98,26.06
0.0352,2.69,4.98,3.04,66.71,24.90
0.0364,2.70,4.79,2.92,61.88,22.96
0.037,2.70,4.63,2.83,57.94,21.64
0.0377,2.70,4.48,2.75,54.30,20.44
0.0394,2.70,4.44,2.72,53.14,19.99
0.0414,2.70,4.49,2.75,54.49,20.44
0.0434,2.70,4.55,2.78,55.77,20.85
0.0445,2.69,4.56,2.78,55.80,20.84
0.0456,2.68,4.56,2.79,55.80,20.82
0.0481,2.67,4.56,2.80,55.72,20.90
0.0502,2.67,4.55,2.79,55.25,20.79
0.0518,2.67,4.52,2.77,54.58,20.56
0.0529,2.68,4.48,2.75,53.86,20.31
0.0534,2.69,4.38,2.69,51.75,19.54
0.054,2.70,4.29,2.64,49.66,18.78
0.0551,2.70,4.21,2.59,47.81,18.07
0.0565,2.69,4.19,2.57,47.25,17.85
0.0577,2.69,4.19,2.57,47.18,17.80
0.058,2.68,4.23,2.60,48.00,18.08
0.0584,2.68,4.27,2.62,48.88,18.38
0.0584,2.68,4.33,2.66,50.21,18.86
0.0584,2.68,4.35,2.66,50.58,18.97
0.0586,2.68,4.32,2.65,50.13,18.79
0.0586,2.69,4.31,2.64,49.94,18.72
0.0583,2.70,4.29,2.63,49.73,18.65
0.058,2.71,4.27,2.62,49.50,18.57
0.0572,2.72,4.26,2.62,49.30,18.61
0.0565,2.71,4.29,2.65,50.01,18.99
0.0559,2.70,4.32,2.66,50.41,19.11
0.0552,2.69,4.31,2.65,49.96,18.89
0.0547,2.69,4.32,2.66,50.18,19.01
0.0542,2.70,4.33,2.66,50.59,19.20
0.053,2.72,4.34,2.68,51.28,19.47
0.052,2.72,4.35,2.68,51.54,19.53
0.0512,2.72,4.38,2.69,52.12,19.69
0.051,2.71,4.41,2.71,52.70,19.91
0.0508,2.69,4.45,2.73,53.25,20.11
0.0504,2.68,4.49,2.76,53.94,20.37
0.0498,2.67,4.50,2.77,54.20,20.44
0.0494,2.67,4.51,2.77,54.25,20.44
0.0493,2.66,4.55,2.79,55.05,20.72
0.0492,2.66,4.59,2.81,56.00,21.07
0.0492,2.66,4.63,2.84,57.06,21.46
0.0484,2.67,4.71,2.88,59.16,22.18
0.0468,2.68,4.78,2.92,61.32,22.89
0.0444,2.68,4.80,2.93,61.84,23.01
0.0431,2.68,4.81,2.94,62.13,23.15
0.0418,2.68,4.82,2.95,62.38,23.27
0.0392,2.68,4.84,2.96,62.88,23.47
0.0369,2.69,4.83,2.95,62.80,23.45
0.0349,2.71,4.83,2.95,63.10,23.62
0.0332,2.72,4.83,2.96,63.62,23.94
0.0325,2.74,4.82,2.96,63.72,23.94
0.0318,2.74,4.82,2.95,63.68,23.89
0.0306,2.75,4.90,3.01,66.04,24.80
0.0295,2.74,5.02,3.07,69.21,25.86
0.0286,2.73,5.10,3.11,71.05,26.33
0.0283,2.72,5.13,3.12,71.50,26.47
0.0281,2.71,5.16,3.14,72.01,26.63
0.0284,2.70,5.09,3.10,69.98,25.93
0.0297,2.70,5.00,3.04,67.58,25.04
0.0319,2.71,4.97,3.02,67.08,24.78
0.0345,2.72,4.94,3.00,66.29,24.50
0.0357,2.71,4.88,2.97,64.40,23.84
0.037,2.69,4.81,2.93,62.41,23.14
0.0389,2.68,4.77,2.91,61.03,22.69
0.0401,2.67,4.66,2.84,57.94,21.56
0.041,2.67,4.59,2.80,56.12,20.94
0.0413,2.67,4.57,2.80,55.67,20.83
0.0416,2.66,4.55,2.79,55.21,20.72
0.0418,2.66,4.57,2.80,55.51,20.80
0.0418,2.65,4.65,2.85,57.51,21.59
0.0415,2.66,4.73,2.90,59.52,22.33
0.0412,2.66,4.76,2.92,60.45,22.64
0.0408,2.67,4.77,2.92,60.92,22.74
0.0404,2.68,4.79,2.92,61.32,22.82
0.039,2.68,4.80,2.92,61.89,22.94
0.037,2.69,4.83,2.94,62.64,23.19
0.0351,2.69,4.86,2.96,63.65,23.58
0.0337,2.69,4.88,2.97,64.20,23.80
0.0334,2.68,4.89,2.98,63.97,23.76
0.0331,2.67,4.89,2.98,63.72,23.71
0.0335,2.66,4.94,3.02,65.08,24.27
0.0349,2.67,5.02,3.07,67.38,25.21
0.0371,2.68,5.04,3.08,68.15,25.49
0.0386,2.69,5.00,3.03,67.03,24.74
0.0401,2.69,4.95,2.99,65.87,24.00
0.0433,2.69,4.82,2.91,62.45,22.73
0.0464,2.69,4.65,2.82,58.19,21.39
0.0488,2.68,4.54,2.78,55.27,20.65
0.051,2.67,4.44,2.72,52.69,19.77
0.0523,2.67,4.34,2.66,50.29,18.84
0.0536,2.66,4.25,2.60,48.05,17.97
0.0564,2.66,4.22,2.57,47.25,17.54
0.0588,2.66,4.20,2.56,46.78,17.35
0.0603,2.66,4.20,2.56,47.04,17.50
0.0608,2.67,4.22,2.58,47.55,17.72
0.0612,2.68,4.23,2.59,47.97,17.91
0.0615,2.67,4.20,2.57,47.08,17.62
0.061,2.67,4.19,2.57,46.84,17.55
0.0599,2.66,4.22,2.58,47.36,17.76
0.0585,2.67,4.26,2.62,48.45,18.25
0.0577,2.67,4.40,2.70,51.66,19.49
0.0568,2.68,4.54,2.79,55.11,20.82
0.0551,2.68,4.63,2.84,57.35,21.55
0.0539,2.67,4.66,2.85,58.01,21.75
0.0533,2.67,4.62,2.83,56.95,21.43
0.0532,2.67,4.55,2.79,55.31,20.86
0.0532,2.67,4.49,2.76,53.74,20.30
0.0535,2.67,4.53,2.78,54.75,20.63
0.0542,2.67,4.62,2.83,57.01,21.43
0.0553,2.67,4.68,2.87,58.35,21.96
0.0565,2.66,4.65,2.85,57.38,21.63
0.0572,2.65,4.55,2.79,54.87,20.68
0.0578,2.66,4.45,2.73,52.66,19.84
0.0591,2.66,4.34,2.66,50.03,18.76
0.06,2.66,4.29,2.62,48.92,18.29
0.0605,2.66,4.32,2.64,49.72,18.57
0.0611,2.67,4.36,2.67,50.78,18.99
0.0614,2.67,4.39,2.68,51.37,19.21
0.0617,2.67,4.41,2.70,51.89,19.41
0.0623,2.66,4.43,2.71,52.17,19.49
0.0625,2.66,4.44,2.71,52.39,19.55
0.0624,2.66,4.45,2.72,52.52,19.61
0.0622,2.66,4.43,2.71,52.15,19.51
0.0621,2.67,4.41,2.70,51.88,19.46
0.0616,2.68,4.37,2.68,51.26,19.28
0.0613,2.69,4.34,2.66,50.54,19.06
0.061,2.69,4.29,2.63,49.43,18.66
0.0605,2.68,4.25,2.61,48.39,18.24
0.0602,2.67,4.25,2.61,48.40,18.22
0.0599,2.67,4.26,2.61,48.51,18.25
0.0593,2.68,4.28,2.63,49.18,18.51
0.0591,2.70,4.30,2.64,49.93,18.84
0.0589,2.71,4.33,2.66,50.74,19.14
0.0588,2.72,4.34,2.66,51.22,19.28
0.0587,2.72,4.35,2.67,51.56,19.36
0.0585,2.72,4.36,2.67,51.69,19.38
0.0581,2.72,4.37,2.68,51.89,19.48
0.0573,2.71,4.36,2.67,51.49,19.34
0.0561,2.71,4.35,2.67,51.30,19.28
0.0555,2.71,4.37,2.68,51.69,19.45
0.0549,2.70,4.39,2.69,52.01,19.60
0.0538,2.69,4.40,2.70,51.98,19.63
0.053,2.68,4.46,2.74,53.41,20.14
0.0525,2.68,4.53,2.78,54.93,20.70
0.0523,2.68,4.57,2.80,55.88,21.04
0.0521,2.68,4.61,2.83,56.94,21.42
0.0518,2.69,4.71,2.89,59.52,22.39
0.0517,2.69,4.74,2.91,60.43,22.72
0.0512,2.68,4.72,2.89,59.68,22.42
0.05,2.67,4.72,2.89,59.53,22.31
0.0489,2.67,4.68,2.87,58.58,21.96
0.0478,2.67,4.64,2.84,57.66,21.62
0.0447,2.67,4.62,2.83,57.06,21.39
0.0415,2.67,4.61,2.81,56.63,21.13
0.0384,2.67,4.55,2.77,55.33,20.54
0.037,2.67,4.58,2.79,56.05,20.84
0.0357,2.68,4.60,2.81,56.75,21.13
0.0336,2.68,4.74,2.90,60.19,22.59
0.0322,2.68,4.91,3.02,64.63,24.42
0.0314,2.69,5.12,3.15,70.62,26.78
0.0309,2.71,5.34,3.29,77.24,29.25
0.0305,2.72,5.33,3.28,77.38,29.23
0.0301,2.73,5.32,3.27,77.31,29.12
0.0289,2.73,5.06,3.10,69.71,26.20
0.0278,2.72,4.79,2.92,62.23,23.20
0.0273,2.71,4.54,2.76,55.89,20.60
0.0275,2.71,4.37,2.65,51.70,18.97
0.0279,2.71,4.40,2.68,52.50,19.39
0.0283,2.71,4.44,2.70,53.26,19.81
0.0298,2.70,4.54,2.77,55.66,20.74
0.032,2.70,4.63,2.83,57.86,21.64
0.0344,2.69,4.71,2.88,59.74,22.40
0.0354,2.69,4.80,2.94,62.04,23.20
0.0364,2.69,4.90,2.99,64.60,24.09
0.0373,2.70,4.99,3.05,67.07,25.09
0.037,2.70,5.01,3.07,67.86,25.41
0.0361,2.70,4.94,3.02,65.81,24.59
0.0351,2.69,4.74,2.89,60.51,22.39
0.0346,2.68,4.55,2.77,55.57,20.59
0.034,2.68,4.37,2.67,51.27,19.04
0.0329,2.68,4.38,2.67,51.49,19.10
0.0319,2.68,4.49,2.73,54.21,20.05
0.0313,2.69,4.72,2.87,59.84,22.14
0.0312,2.69,4.90,2.98,64.46,23.78
0.0311,2.68,5.09,3.09,69.59,25.59
0.0311,2.68,5.03,3.06,67.71,25.04
0.0315,2.68,4.92,3.00,64.91,24.17
0.0324,2.69,4.90,2.99,64.52,24.14
0.0333,2.70,4.94,3.02,66.03,24.71
0.0337,2.71,4.99,3.06,67.57,25.29
0.0341,2.71,5.05,3.09,68.97,25.82
0.0352,2.70,5.00,3.07,67.68,25.48
0.0364,2.69,4.78,2.94,61.51,23.29
0.0373,2.68,4.50,2.77,54.27,20.53
0.0377,2.67,4.34,2.67,50.35,19.07
0.0382,2.67,4.19,2.58,46.98,17.82
0.0393,2.68,4.20,2.58,47.16,17.79
0.0406,2.68,4.29,2.64,49.30,18.61
0.0422,2.67,4.41,2.71,52.06,19.67
0.0439,2.67,4.53,2.79,54.98,20.77
0.0447,2.68,4.60,2.82,56.76,21.37
0.0455,2.69,4.67,2.86,58.63,22.02
0.0462,2.69,4.71,2.89,59.64,22.45
0.0461,2.68,4.73,2.91,60.00,22.67
0.0457,2.67,4.67,2.88,58.36,22.12
0.0453,2.66,4.63,2.85,57.07,21.61
0.0451,2.66,4.62,2.84,56.69,21.41
0.0449,2.66,4.60,2.83,56.35,21.23
0.0449,2.66,4.56,2.80,55.33,20.77
0.0455,2.65,4.56,2.79,55.14,20.68
0.0469,2.65,4.57,2.80,55.28,20.72
0.0478,2.65,4.56,2.79,55.13,20.66
0.0488,2.65,4.56,2.79,55.10,20.65
0.0511,2.66,4.59,2.81,56.12,21.06
0.0536,2.67,4.61,2.83,56.72,21.35
0.0558,2.67,4.57,2.81,55.78,21.04
0.0577,2.67,4.52,2.78,54.71,20.61
0.0584,2.67,4.47,2.74,53.42,20.08
0.0592,2.65,4.43,2.71,52.04,19.50
0.0603,2.64,4.41,2.70,51.30,19.17
0.0608,2.63,4.42,2.69,51.22,19.02
0.0606,2.63,4.42,2.69,51.38,18.98
0.0603,2.63,4.39,2.67,50.65,18.72
0.06,2.64,4.35,2.65,49.97,18.48
0.0591,2.65,4.25,2.59,47.84,17.76
0.058,2.65,4.19,2.56,46.66,17.39
0.0566,2.66,4.21,2.58,47.23,17.67
0.055,2.67,4.29,2.64,49.17,18.56
0.0541,2.68,4.47,2.74,53.48,20.18
0.0532,2.68,4.66,2.86,58.23,21.98
0.0513,2.68,4.79,2.95,61.47,23.24
0.0496,2.67,4.79,2.95,61.33,23.20
0.0476,2.66,4.77,2.93,60.63,22.91
0.0464,2.66,4.73,2.91,59.48,22.46
0.0451,2.65,4.69,2.88,58.48,22.07
0.0422,2.66,4.68,2.87,58.09,21.84
0.0394,2.66,4.68,2.86,58.33,21.82
0.037,2.65,4.68,2.85,58.06,21.62
0.035,2.65,4.65,2.84,57.27,21.33
0.0342,2.65,4.62,2.82,56.52,21.07
0.0334,2.65,4.59,2.81,56.00,20.89
0.0318,2.66,4.61,2.82,56.52,21.25
0.03,2.67,4.68,2.87,58.50,22.05
0.0277,2.67,4.82,2.95,62.04,23.30
0.0263,2.68,4.94,3.02,65.36,24.41
0.025,2.69,5.07,3.09,69.12,25.66
0.0218,2.70,5.14,3.12,71.23,26.26
0.0185,2.70,5.13,3.10,70.97,25.96
0.0155,2.69,5.07,3.06,69.30,25.25
0.0132,2.69,5.09,3.07,69.55,25.30
0.0124,2.69,5.17,3.11,71.97,26.06
0.0117,2.69,5.26,3.16,74.50,26.84
0.0109,2.68,5.34,3.21,76.48,27.58
0.0109,2.68,5.42,3.27,78.78,28.56
0.0113,2.67,5.43,3.28,78.82,28.79
0.012,2.67,5.39,3.27,77.74,28.55
0.0124,2.68,5.36,3.24,76.79,28.12
0.0129,2.68,5.32,3.21,75.84,27.70
0.0141,2.68,5.23,3.16,73.20,26.74
0.0159,2.68,5.18,3.14,71.86,26.32
0.0182,2.67,5.10,3.10,69.57,25.63
0.0196,2.67,5.08,3.10,68.89,25.59
0.0209,2.67,5.06,3.09,68.32,25.58
0.0234,2.68,5.11,3.13,69.84,26.19
0.0255,2.68,5.13,3.14,70.47,26.35
0.0272,2.68,5.13,3.13,70.45,26.20
0.0286,2.67,5.02,3.06,67.27,24.92
0.0292,2.66,4.84,2.95,62.26,23.08
0.0299,2.65,4.67,2.85,57.82,21.46
0.031,2.65,4.59,2.80,55.73,20.75
0.0319,2.65,4.57,2.80,55.46,20.76
0.0325,2.66,4.71,2.88,58.91,22.07
0.0328,2.67,4.90,2.99,64.20,23.90
0.033,2.67,5.12,3.12,70.09,25.95
0.0333,2.67,5.20,3.17,72.35,26.82
0.0333,2.67,5.23,3.19,73.07,27.09
0.0328,2.67,5.17,3.15,71.43,26.42
0.032,2.68,5.05,3.06,68.25,25.15
0.0315,2.69,4.96,3.01,66.20,24.38
0.0309,2.69,4.88,2.96,64.14,23.61
0.0299,2.69,4.84,2.93,62.99,23.16
0.0292,2.69,4.84,2.94,62.99,23.22
0.0288,2.68,4.84,2.95,63.00,23.31
0.0288,2.68,4.78,2.90,61.21,22.63
0.0289,2.68,4.71,2.86,59.47,21.98
0.0298,2.68,4.72,2.86,59.62,21.92
0.0324,2.68,4.78,2.90,61.11,22.61
0.0365,2.69,4.91,3.01,64.84,24.32
0.0408,2.69,5.15,3.16,71.36,26.88
0.0426,2.69,5.17,3.17,72.00,27.13
0.0444,2.68,5.19,3.19,72.39,27.28
0.0468,2.67,4.88,3.00,63.45,23.99
0.0477,2.65,4.50,2.77,53.53,20.24
0.0473,2.62,4.17,2.54,45.54,16.88
0.0467,2.60,3.96,2.39,40.72,14.86
0.0465,2.58,3.91,2.36,39.51,14.41
0.0463,2.58,3.86,2.33,38.56,14.05
0.0461,2.60,3.94,2.39,40.34,14.81
0.0453,2.62,4.10,2.50,44.13,16.43
0.0436,2.64,4.32,2.66,49.26,18.68
0.042,2.66,4.55,2.80,55.10,20.91
0.0404,2.68,4.81,2.96,61.90,23.52
0.0353,2.69,4.96,3.06,66.37,25.29
0.0287,2.70,5.05,3.11,68.85,26.12
0.0217,2.70,5.09,3.12,69.94,26.27
0.0154,2.70,5.13,3.13,71.08,26.40
0.0129,2.70,5.24,3.17,74.26,27.14
0.0105,2.70,5.36,3.21,77.74,27.93
0.0071,2.71,5.45,3.24,80.49,28.46
0.0051,2.71,5.46,3.23,80.54,28.22
0.0037,2.69,5.44,3.21,79.75,27.84
0.0031,2.68,5.47,3.23,80.10,27.93
0.0026,2.67,5.50,3.25,80.62,28.09
0.002,2.67,5.51,3.25,81.08,28.15
0.0021,2.68,5.54,3.26,82.09,28.48
0.0031,2.69,5.59,3.30,84.09,29.30
0.0045,2.70,5.61,3.32,85.00,29.80
0.0054,2.70,5.59,3.32,84.61,29.86
0.0062,2.71,5.57,3.32,84.18,29.88
0.0081,2.71,5.55,3.32,83.65,29.89
0.0096,2.71,5.40,3.23,78.85,28.26
0.0106,2.70,5.20,3.11,72.98,26.11
0.0108,2.69,5.09,3.04,69.67,24.89
0.011,2.68,4.98,2.98,66.67,23.79
0.011,2.68,4.88,2.89,63.99,22.45
0.011,2.68,4.88,2.90,63.93,22.52
0.011,2.68,4.90,2.93,64.42,22.93
0.0109,2.68,4.87,2.92,63.66,22.93
0.0106,2.69,4.93,2.96,65.28,23.61
0.0103,2.69,4.99,3.01,66.96,24.33
0.0097,2.70,5.10,3.08,70.16,25.58
0.009,2.70,5.27,3.18,75.14,27.28
0.0082,2.71,5.46,3.28,80.67,29.09
0.0075,2.71,5.55,3.32,83.43,29.91
0.0069,2.71,5.64,3.37,86.18,30.72
0.0052,2.70,5.66,3.37,86.62,30.61
0.0036,2.69,5.57,3.30,83.66,29.27
0.0027,2.68,5.40,3.19,78.29,27.31
0.0023,2.67,5.28,3.13,74.68,26.14
0.0023,2.67,5.27,3.11,74.11,25.86
0.0022,2.67,5.25,3.10,73.78,25.66
0.0022,2.68,5.26,3.09,74.13,25.56
0.0022,2.69,5.32,3.13,76.31,26.33
0.0022,2.70,5.48,3.22,80.91,28.03
0.0023,2.69,5.55,3.27,83.07,28.81
0.0021,2.69,5.54,3.26,82.48,28.50
0.0019,2.68,5.53,3.24,82.00,28.22
0.0013,2.68,5.63,3.29,84.91,29.04
0.0007,2.68,5.62,3.28,84.86,28.78
0.0002,2.68,5.51,3.19,81.31,27.26
0.0001,2.67,5.48,3.17,80.10,26.78
0.0001,2.65,5.45,3.15,78.69,26.27
0.0001,2.62,5.31,3.08,74.08,24.82
0.0001,2.61,5.05,2.92,66.54,22.30
0.0001,2.60,4.90,2.84,62.48,20.92
0.0001,2.60,4.89,2.83,62.13,20.84
0.0001,2.60,4.82,2.79,60.23,20.20
0.0001,2.60,4.74,2.75,58.43,19.61
0.0001,2.60,4.71,2.73,57.74,19.32
0.0001,2.61,4.70,2.72,57.67,19.29
0.0001,2.62,4.63,2.67,56.11,18.60
0.0001,2.62,4.71,2.71,58.12,19.30
0.0001,2.62,4.79,2.76,60.09,19.98
0.0001,2.61,4.80,2.78,60.31,20.17
0.0001,2.61,4.91,2.84,62.91,21.05
0.0001,2.61,5.02,2.90,65.82,22.04
0.0001,2.62,4.89,2.82,62.67,20.90
0.0001,2.63,4.85,2.80,61.90,20.54